# Object,[Fe/H],[Mg/Fe]
SAGA_Car_000001,-1.94,0.04
SAGA_Car_000001,-2.13,0.24
SAGA_Car_000001,-2.02,
SAGA_Car_000002,-1.6,0.21
SAGA_Car_000002,-1.68,0.43
SAGA_Car_000002,,
SAGA_Car_000003,-1.65,-0.29
SAGA_Car_000003,-2.19,0.34
SAGA_Car_000003,-1.82,-0.23
SAGA_Car_000003,-1.82,
SAGA_Car_000004,-1.41,0.22
SAGA_Car_000004,-1.67,0.56
SAGA_Car_000004,-1.29,0.12
SAGA_Car_000004,-0.99,
SAGA_Car_000005,-1.59,0.24
SAGA_Car_000005,-1.7,0.59
SAGA_Car_000005,-1.39,
SAGA_Car_000258,-2.53,0.39
SAGA_Car_000258,-2.33,0.75
SAGA_Car_000258,-2.04,
SAGA_Car_000323,-1.3,0.09
SAGA_Car_000323,-1.43,0.1
SAGA_Car_000323,-2,0.63
SAGA_Car_000323,-1.61,0.33
SAGA_Car_000323,-1.53,
SAGA_Car_000324,-1.85,0.33
SAGA_Car_000324,-1.6,0.28
SAGA_Car_000324,-1.49,0.42
SAGA_Car_000324,-1.63,
SAGA_Car_000370,-1.85,0.72
SAGA_Car_000370,-1.52,0.52
SAGA_Car_000370,-1.43,
SAGA_Car_000398,-2.81,0.48
SAGA_Car_000398,,
SAGA_Car_000398,-2.86,
SAGA_Car_000401,-1.55,0.39
SAGA_Car_000401,-1.54,
SAGA_Car_000409,-2.08,0.44
SAGA_Car_000409,-1.89,0.26
SAGA_Car_000409,-1.74,
SAGA_Car_000420,-2.51,0.39
SAGA_Car_000420,-2.29,
SAGA_Car_000429,-2.86,0.22
SAGA_Car_000429,-2.62,
SAGA_Car_000437,-2.08,-0.56
SAGA_Car_000437,-1.99,-0.45
SAGA_Car_000437,-1.96,-0.42
SAGA_Car_000437,-2.13,
SAGA_Car_000438,-2.08,0.38
SAGA_Car_000438,-1.72,0.25
SAGA_Car_000438,-1.68,0.3
SAGA_Car_000438,-1.56,
SAGA_Car_000458,-1.58,0.19
SAGA_Car_000458,-1.33,
SAGA_Car_000462,-1.93,0.35
SAGA_Car_000462,-1.35,0.1
SAGA_Car_000462,-1.47,
SAGA_Car_000477,-1.9,-0.01
SAGA_Car_000477,-1.59,0.1
SAGA_Car_000477,-1.56,
SAGA_Car_000495,-1.52,-0.26
SAGA_Car_000495,-1.84,0.45
SAGA_Car_000495,-1.42,0.15
SAGA_Car_000495,-1.61,
SAGA_Car_000513,-1.47,0.25
SAGA_Car_000513,-1.36,
SAGA_Car_000528,-1.83,0.19
SAGA_Car_000528,-1.5,0.16
SAGA_Car_000528,-1.6,
SAGA_Car_000589,-2.34,0.69
SAGA_Car_000589,-2.13,0.76
SAGA_Car_000589,-2.05,
SAGA_Car_000591,,
SAGA_Car_000591,-1.78,-0.22
SAGA_Car_000591,-2.27,
SAGA_Car_000617,-1.95,0.37
SAGA_Car_000617,-1.63,0.23
SAGA_Car_000617,-1.56,0.18
SAGA_Car_000617,-1.7,
SAGA_Car_000619,-1.68,0.42
SAGA_Car_000619,-1.89,0.31
SAGA_Car_000619,-1.57,0.36
SAGA_Car_000619,-1.66,
SAGA_Car_000625,-2.23,0.37
SAGA_Car_000625,-1.78,0.04
SAGA_Car_000625,-2.03,
SAGA_Car_000697,-1.79,0.51
SAGA_Car_000697,-1.73,0.52
SAGA_Car_000697,-1.66,
SAGA_Car_000712,-1.57,0.26
SAGA_Car_000712,-1.68,
SAGA_Car_000717,-1.35,0.13
SAGA_Car_000717,-1.3,-0.3
SAGA_Car_000717,-1.92,0.5
SAGA_Car_000717,-1.34,-0.02
SAGA_Car_000717,-1.39,
SAGA_Car_000727,-1.48,0.13
SAGA_Car_000727,-1.17,
SAGA_Car_000817,-1.57,0.01
SAGA_Car_000817,-2.2,
SAGA_Car_000835,-2,0.18
SAGA_Car_000835,-1.79,
SAGA_Car_000867,-1.84,0.27
SAGA_Car_000867,-1.68,
SAGA_Car_000894,-1.53,0.06
SAGA_Car_000894,-2.14,0.73
SAGA_Car_000894,-1.43,
SAGA_Car_000897,-1.75,0.27
SAGA_Car_000897,-1.88,0.67
SAGA_Car_000897,-1.5,
SAGA_Car_000926,-1.71,0.38
SAGA_Car_000926,-1.49,
SAGA_Car_000930,-1.53,0.19
SAGA_Car_000930,-1.41,0.03
SAGA_Car_000930,-1.76,0.42
SAGA_Car_000930,-1.43,0.31
SAGA_Car_000930,-1.37,
SAGA_Car_001197,-1.82,-0.08
SAGA_Car_001197,-2.17,0.2
SAGA_Car_001197,-2.04,
SAGA_Car_001198,-1.39,-0.05
SAGA_Car_001198,-1.53,0.32
SAGA_Car_001198,-1.28,0.09
SAGA_Car_001199,-2.75,0.29
SAGA_Car_001199,-2.85,0.69
SAGA_Car_001200,-1.3,-0.5
SAGA_Car_001200,-1.52,-0.92
SAGA_Car_001200,-1.56,
SAGA_Car_001200,-1.29,-0.38
SAGA_Car_001201,-1.5,0.51
SAGA_Car_001202,-1.75,
SAGA_Car_001202,-1.75,0.09
SAGA_Car_001203,-1.83,0.5
SAGA_Car_001203,-1.39,0.26
SAGA_Car_001204,-1.24,0
SAGA_Car_001205,-1.51,0.07
SAGA_Car_001206,-1.62,0.09
SAGA_Car_001206,-1.18,0.21
SAGA_Car_001206,-1.3,0.23
SAGA_Car_001208,-1.8,0.54
SAGA_Car_001208,-1.43,0.15
SAGA_Car_001208,-1.26,0.19
SAGA_Car_001209,-2.15,-0.36
SAGA_Car_001209,-2.52,-0.14
SAGA_Car_001209,-2.5,0.15
SAGA_Car_001210,-1.21,-0.97
SAGA_Car_001211,-1.2,-0.75
SAGA_Car_001212,-1.64,-0.27
SAGA_Car_001213,-1.39,0.37
SAGA_Car_001214,-1.75,0.33
SAGA_Car_001215,-2.5,0.66
SAGA_Car_001215,-2.29,0.02
SAGA_Car_001215,-2.29,0.82
SAGA_Car_001216,-1.73,0.29
SAGA_Car_001217,-1.67,0.39
SAGA_Car_001218,-1.54,-0.2
SAGA_Car_001219,-1.57,-0.17
SAGA_Car_001220,-1.57,0.46
SAGA_Car_001221,-2.65,0.35
SAGA_Car_001221,-2.32,0.2
SAGA_Car_001221,-2.03,0.17
SAGA_Car_001222,-1.6,0.05
SAGA_Car_001224,-1.8,0.05
SAGA_Car_001225,-1.85,
SAGA_Car_001225,-1.6,0.03
SAGA_Car_001226,-2.03,0.55
SAGA_Car_001226,-1.27,-0.05
SAGA_Car_001227,-2.48,0.37
SAGA_Car_001227,-1.72,-0.12
SAGA_Car_001228,-1.88,0.82
SAGA_Car_001228,-1.48,0.26
SAGA_Car_001229,-1.74,0.28
SAGA_Car_001229,-1.48,0.28
SAGA_Dra_000001,-2.93,0.5
SAGA_Dra_000001,-3.05,
SAGA_Dra_000001,-2.91,
SAGA_Dra_000001,-2.97,0.21
SAGA_Dra_000001,-2.97,0.18
SAGA_Dra_000001,-2.78,
SAGA_Dra_000001,-3,
SAGA_Dra_000002,-1.44,-0.41
SAGA_Dra_000002,-1.44,-0.21
SAGA_Dra_000003,-2.55,
SAGA_Dra_000003,-2.47,
SAGA_Dra_000003,-2.36,0.4
SAGA_Dra_000003,-2.36,0.24
SAGA_Dra_000003,-2.39,
SAGA_Dra_000004,-1.77,
SAGA_Dra_000004,-2.05,
SAGA_Dra_000004,-1.67,0.29
SAGA_Dra_000004,-1.67,-0.06
SAGA_Dra_000004,-1.55,-0.13
SAGA_Dra_000004,-1.74,
SAGA_Dra_000005,-2.05,
SAGA_Dra_000005,-1.86,0.04
SAGA_Dra_000005,-1.78,-0.48
SAGA_Dra_000005,-1.95,
SAGA_Dra_000006,-2.05,
SAGA_Dra_000006,-2.11,
SAGA_Dra_000006,-1.72,0.05
SAGA_Dra_000006,-1.74,-0.08
SAGA_Dra_000006,-1.99,
SAGA_Dra_000007,-2.03,
SAGA_Dra_000007,-1.94,0.17
SAGA_Dra_000007,-1.73,0.12
SAGA_Dra_000007,-1.94,
SAGA_Dra_000008,-2.39,0.18
SAGA_Dra_000009,-2.6,
SAGA_Dra_000009,-2.5,0.18
SAGA_Dra_000009,-2.55,
SAGA_Dra_000009,-2.33,0.16
SAGA_Dra_000009,-2.59,
SAGA_Dra_000009,-2.51,
SAGA_Dra_000010,-1.74,
SAGA_Dra_000010,-1.54,-0.01
SAGA_Dra_000010,-1.41,-0.31
SAGA_Dra_000010,-1.63,
SAGA_Dra_000011,-2.7,0.19
SAGA_Dra_000011,-2.56,
SAGA_Dra_000012,-3.06,0.32
SAGA_Dra_000012,-2.76,0
SAGA_Dra_000013,-1.87,
SAGA_Dra_000013,-1.78,-0.01
SAGA_Dra_000013,-1.59,-0.38
SAGA_Dra_000013,-1.75,
SAGA_Dra_000014,-2.04,-0.38
SAGA_Dra_000021,,
SAGA_Dra_000021,-2.15,
SAGA_Dra_000021,-1.87,-0.04
SAGA_Dra_000021,-2.09,
SAGA_Dra_000022,-1.53,0.89
SAGA_Dra_000023,-2.01,0.5
SAGA_Dra_000026,-1.92,
SAGA_Dra_000026,-1.6,0.94
SAGA_Dra_000027,-1.83,
SAGA_Dra_000027,-1.52,-0.06
SAGA_Dra_000033,-2.04,
SAGA_Dra_000033,-1.76,0.5
SAGA_Dra_000036,-2.29,
SAGA_Dra_000036,-1.96,0.5
SAGA_Dra_000037,-1.85,
SAGA_Dra_000037,-1.58,0.16
SAGA_Dra_000038,-1.6,
SAGA_Dra_000038,-1.25,-0.04
SAGA_Dra_000038,-1.46,
SAGA_Dra_000042,-1.88,
SAGA_Dra_000042,-1.57,0.47
SAGA_Dra_000044,-1.95,1.01
SAGA_Dra_000047,-1.32,0.3
SAGA_Dra_000049,-2.07,
SAGA_Dra_000049,-1.75,-0.44
SAGA_Dra_000049,-1.87,
SAGA_Dra_000050,-2.1,
SAGA_Dra_000050,-1.8,0.02
SAGA_Dra_000062,-2.51,0.47
SAGA_Dra_000064,-1.79,
SAGA_Dra_000064,-1.47,0.22
SAGA_Dra_000066,-1.49,
SAGA_Dra_000066,-1.23,0.72
SAGA_Dra_000067,-1.79,
SAGA_Dra_000067,-1.46,0.04
SAGA_Dra_000069,-1.78,
SAGA_Dra_000069,-1.53,-0.1
SAGA_Dra_000069,-1.72,
SAGA_Dra_000071,-2.48,
SAGA_Dra_000071,-2.2,0.34
SAGA_Dra_000071,-2.44,
SAGA_Dra_000073,-1.97,
SAGA_Dra_000073,-1.92,
SAGA_Dra_000073,-1.71,0.02
SAGA_Dra_000073,-1.89,
SAGA_Dra_000075,-1.76,0.22
SAGA_Dra_000083,-2.32,
SAGA_Dra_000083,-2.03,0.15
SAGA_Dra_000086,-1.78,
SAGA_Dra_000086,-1.48,-0.2
SAGA_Dra_000089,-1.99,-0.54
SAGA_Dra_000089,-2.12,
SAGA_Dra_000093,-1.45,
SAGA_Dra_000093,-1.13,-0.29
SAGA_Dra_000094,-2.02,
SAGA_Dra_000094,-1.69,-0.17
SAGA_Dra_000094,-1.93,
SAGA_Dra_000102,-1.54,0
SAGA_Dra_000103,-2.07,
SAGA_Dra_000103,-1.76,-0.03
SAGA_Dra_000104,-2.19,
SAGA_Dra_000104,-1.85,0.23
SAGA_Dra_000105,-1.84,
SAGA_Dra_000105,-1.54,0.58
SAGA_Dra_000111,-1.99,
SAGA_Dra_000111,-1.67,0.49
SAGA_Dra_000115,-2.28,
SAGA_Dra_000115,-2.05,0.6
SAGA_Dra_000118,-1.99,
SAGA_Dra_000118,-1.69,0.11
SAGA_Dra_000118,-1.88,
SAGA_Dra_000120,-2.01,
SAGA_Dra_000120,-1.71,-0.02
SAGA_Dra_000120,-1.88,
SAGA_Dra_000131,-1.46,
SAGA_Dra_000131,-1.14,-0.81
SAGA_Dra_000131,-1.34,
SAGA_Dra_000132,-1.56,
SAGA_Dra_000132,-1.22,-0.17
SAGA_Dra_000132,-1.37,
SAGA_Dra_000141,-2.01,
SAGA_Dra_000141,-1.71,0.08
SAGA_Dra_000142,-2.15,
SAGA_Dra_000142,-1.87,
SAGA_Dra_000142,-1.83,0.09
SAGA_Dra_000146,-2.08,
SAGA_Dra_000146,-1.71,0.28
SAGA_Dra_000146,-1.9,
SAGA_Dra_000150,-2.48,
SAGA_Dra_000150,-2.16,0.33
SAGA_Dra_000158,-1.92,
SAGA_Dra_000158,-1.55,-0.19
SAGA_Dra_000158,-1.77,
SAGA_Dra_000160,-1.83,
SAGA_Dra_000160,-1.4,0.89
SAGA_Dra_000164,,
SAGA_Dra_000164,-2.27,
SAGA_Dra_000164,-2,0.13
SAGA_Dra_000164,-2.19,
SAGA_Dra_000166,-2.06,
SAGA_Dra_000166,-1.75,0.41
SAGA_Dra_000168,-1.28,0.9
SAGA_Dra_000169,-2.03,
SAGA_Dra_000169,-1.9,
SAGA_Dra_000169,-1.72,-0.15
SAGA_Dra_000169,-1.87,
SAGA_Dra_000175,-2.54,
SAGA_Dra_000175,-2.22,0.9
SAGA_Dra_000175,-2.35,
SAGA_Dra_000183,-2.01,
SAGA_Dra_000183,-1.68,-0.37
SAGA_Dra_000183,-1.87,
SAGA_Dra_000188,-1.81,0.55
SAGA_Dra_000193,-1.54,-0.26
SAGA_Dra_000194,-1.96,
SAGA_Dra_000194,-1.63,0.81
SAGA_Dra_000195,-1.3,0.99
SAGA_Dra_000201,-1.61,0.53
SAGA_Dra_000208,-1.6,-0.17
SAGA_Dra_000211,-2.39,
SAGA_Dra_000211,-2.08,0.22
SAGA_Dra_000211,-2.28,
SAGA_Dra_000225,-1.93,0.66
SAGA_Dra_000227,-1.84,
SAGA_Dra_000227,-1.47,-0.32
SAGA_Dra_000227,-1.6,
SAGA_Dra_000228,-1.66,
SAGA_Dra_000228,-1.45,-0.32
SAGA_Dra_000228,-1.64,
SAGA_Dra_000230,,
SAGA_Dra_000230,-2.48,
SAGA_Dra_000230,-2.2,0.21
SAGA_Dra_000230,-2.46,
SAGA_Dra_000233,-2.09,
SAGA_Dra_000233,-1.77,0.16
SAGA_Dra_000233,-1.96,
SAGA_Dra_000234,,
SAGA_Dra_000234,-2.01,
SAGA_Dra_000234,-1.76,-0.69
SAGA_Dra_000234,-1.94,
SAGA_Dra_000238,-1.7,
SAGA_Dra_000238,-1.4,0.14
SAGA_Dra_000240,-1.64,0.05
SAGA_Dra_000241,-1.98,
SAGA_Dra_000241,-1.66,0.49
SAGA_Dra_000246,-1.25,0.34
SAGA_Dra_000248,-1.95,-0.03
SAGA_Dra_000248,-2.08,
SAGA_Dra_000251,-1.58,0.09
SAGA_Dra_000260,-1.39,0.56
SAGA_Dra_000261,-1.63,
SAGA_Dra_000261,-1.35,0.72
SAGA_Dra_000262,-2.45,
SAGA_Dra_000262,-2.14,0.73
SAGA_Dra_000262,-2.15,
SAGA_Dra_000273,-1.85,0.54
SAGA_Dra_000281,-1.76,
SAGA_Dra_000281,-1.45,0.11
SAGA_Dra_000281,-1.64,
SAGA_Dra_000288,-2.07,0.48
SAGA_Dra_000295,-1.89,0.5
SAGA_Dra_000300,-1.56,0.3
SAGA_Dra_000302,-0.72,0.66
SAGA_For_000001,-1.21,0
SAGA_For_000001,-0.92,-0.13
SAGA_For_000001,-0.89,-0.3
SAGA_For_000002,-1.6,0.07
SAGA_For_000003,-0.67,0.18
SAGA_For_000003,-0.62,
SAGA_For_000003,-0.73,-0.02
SAGA_For_000003,-0.35,-0.43
SAGA_For_000003,-0.62,
SAGA_For_000011,-1.18,
SAGA_For_000011,-1.19,
SAGA_For_000011,-1.07,-0.49
SAGA_For_000015,-0.8,
SAGA_For_000015,-1.06,
SAGA_For_000015,-0.79,-0.58
SAGA_For_000015,-1.06,
SAGA_For_000017,-0.5,
SAGA_For_000017,-0.72,
SAGA_For_000017,-0.71,-0.18
SAGA_For_000021,-1.01,
SAGA_For_000021,-1,
SAGA_For_000021,-1.12,0.22
SAGA_For_000021,-0.93,
SAGA_For_000021,-0.94,0
SAGA_For_000023,-0.99,
SAGA_For_000023,-0.9,
SAGA_For_000023,-1.06,-0.2
SAGA_For_000023,-1.13,
SAGA_For_000024,-0.6,
SAGA_For_000024,-0.63,
SAGA_For_000024,-0.74,-0.15
SAGA_For_000024,-0.31,
SAGA_For_000025,-0.7,
SAGA_For_000025,-1.01,
SAGA_For_000025,-0.91,
SAGA_For_000025,-0.97,-0.04
SAGA_For_000025,-0.89,
SAGA_For_000025,-0.79,-0.24
SAGA_For_000025,-1.01,
SAGA_For_000026,-0.99,
SAGA_For_000026,-0.87,
SAGA_For_000026,-0.89,-0.44
SAGA_For_000030,-0.5,
SAGA_For_000030,-0.66,-0.1
SAGA_For_000030,-0.59,-0.1
SAGA_For_000032,-1.31,
SAGA_For_000032,-1.4,
SAGA_For_000032,-1.19,-0.39
SAGA_For_000032,-1.4,
SAGA_For_000034,-1,
SAGA_For_000034,-0.88,0.01
SAGA_For_000049,-1,
SAGA_For_000049,-0.91,-0.17
SAGA_For_000049,-0.82,-0.4
SAGA_For_000051,-1.06,
SAGA_For_000051,-0.96,-0.18
SAGA_For_000057,-0.5,
SAGA_For_000057,-0.77,
SAGA_For_000057,-0.54,-0.22
SAGA_For_000059,-0.6,
SAGA_For_000059,-0.84,-0.2
SAGA_For_000071,-0.9,
SAGA_For_000071,-0.85,-0.21
SAGA_For_000077,-0.8,
SAGA_For_000077,-0.92,0.16
SAGA_For_000086,-0.6,
SAGA_For_000086,-0.67,-0.25
SAGA_For_000092,-1.07,
SAGA_For_000092,-1.02,0.05
SAGA_For_000107,-0.6,
SAGA_For_000107,-0.62,-0.34
SAGA_For_000117,-0.8,
SAGA_For_000117,-0.85,
SAGA_For_000117,-0.86,-0.16
SAGA_For_000197,-1.38,0.02
SAGA_For_000197,-1.42,
SAGA_For_000241,-0.84,-0.21
SAGA_For_000241,-1.07,
SAGA_For_000243,-0.3,-0.33
SAGA_For_000243,-0.92,
SAGA_For_000247,-2.09,0.42
SAGA_For_000247,-1.91,
SAGA_For_000256,-0.91,-0.18
SAGA_For_000256,-0.9,
SAGA_For_000271,-0.67,-0.42
SAGA_For_000271,-0.91,
SAGA_For_000277,-0.86,-0.19
SAGA_For_000277,-1.02,
SAGA_For_000283,-2.31,0.64
SAGA_For_000283,,
SAGA_For_000295,-0.9,-0.26
SAGA_For_000295,-0.86,
SAGA_For_000301,-0.7,-0.1
SAGA_For_000301,-0.82,
SAGA_For_000305,-0.26,-0.06
SAGA_For_000305,-0.93,
SAGA_For_000306,-0.82,-0.22
SAGA_For_000306,-0.86,
SAGA_For_000309,-0.94,-0.26
SAGA_For_000309,-0.84,
SAGA_For_000317,-1.58,-0.19
SAGA_For_000317,-1.41,
SAGA_For_000318,-0.44,-0.12
SAGA_For_000318,-0.64,
SAGA_For_000319,-1.68,0.22
SAGA_For_000319,-1.62,
SAGA_For_000322,-0.62,-0.19
SAGA_For_000322,-0.97,
SAGA_For_000323,-0.74,-0.08
SAGA_For_000323,-0.85,
SAGA_For_000331,-0.88,-0.48
SAGA_For_000331,-1.04,
SAGA_For_000346,-0.88,-0.03
SAGA_For_000346,-0.95,
SAGA_For_000362,-0.64,-0.15
SAGA_For_000362,-0.64,
SAGA_For_000378,-0.82,
SAGA_For_000378,-0.82,0.08
SAGA_For_000378,-0.74,
SAGA_For_000381,-0.64,
SAGA_For_000381,-0.67,-0.05
SAGA_For_000381,-0.82,
SAGA_For_000390,-0.88,0
SAGA_For_000390,-0.61,
SAGA_For_000397,-0.7,-0.08
SAGA_For_000397,-0.76,
SAGA_For_000399,-0.63,-0.14
SAGA_For_000399,-0.49,
SAGA_For_000407,-1.53,
SAGA_For_000407,-1.52,0.17
SAGA_For_000407,-1.75,
SAGA_For_000415,-0.72,
SAGA_For_000415,-0.73,-0.06
SAGA_For_000415,-0.62,
SAGA_For_000415,-0.77,-0.39
SAGA_For_000419,-0.54,
SAGA_For_000419,-0.61,-0.31
SAGA_For_000421,-0.71,
SAGA_For_000421,-0.69,-0.09
SAGA_For_000421,-0.65,
SAGA_For_000424,-0.59,
SAGA_For_000424,-0.75,-0.05
SAGA_For_000424,-0.77,
SAGA_For_000425,-0.85,
SAGA_For_000425,-0.95,-0.04
SAGA_For_000425,-0.79,
SAGA_For_000429,-0.58,
SAGA_For_000429,-0.49,-0.41
SAGA_For_000432,-0.58,
SAGA_For_000432,-0.73,-0.54
SAGA_For_000435,-0.77,
SAGA_For_000435,-0.99,-0.17
SAGA_For_000437,-0.5,
SAGA_For_000437,,
SAGA_For_000437,-0.48,
SAGA_For_000437,-0.68,-0.46
SAGA_For_000440,-0.88,
SAGA_For_000440,-0.91,-0.08
SAGA_For_000440,-0.89,
SAGA_For_000442,-0.58,
SAGA_For_000442,-0.82,-0.08
SAGA_For_000451,,
SAGA_For_000451,-0.56,
SAGA_For_000451,-0.82,0.16
SAGA_For_000452,-0.87,
SAGA_For_000452,-0.7,-0.15
SAGA_For_000453,-0.76,
SAGA_For_000453,-0.86,-0.09
SAGA_For_000453,-0.41,
SAGA_For_000461,-0.28,
SAGA_For_000461,-0.59,-0.03
SAGA_For_000468,-0.78,
SAGA_For_000468,-0.76,-0.19
SAGA_For_000469,-0.86,
SAGA_For_000469,-0.89,-0.11
SAGA_For_000469,-0.91,
SAGA_For_000471,,
SAGA_For_000471,-0.8,
SAGA_For_000471,-0.97,0.41
SAGA_For_000472,-0.51,
SAGA_For_000472,-0.57,-0.2
SAGA_For_000474,-1,-0.12
SAGA_For_000474,-0.93,
SAGA_For_000475,-0.99,
SAGA_For_000475,-0.97,-0.09
SAGA_For_000475,-1.03,
SAGA_For_000478,-0.86,
SAGA_For_000478,-0.87,0
SAGA_For_000478,-1.02,
SAGA_For_000481,-0.69,
SAGA_For_000481,-0.78,-0.03
SAGA_For_000481,-0.47,
SAGA_For_000483,-0.92,
SAGA_For_000483,-0.86,-0.29
SAGA_For_000489,-1.44,
SAGA_For_000489,-1.43,-0.02
SAGA_For_000489,-1.71,
SAGA_For_000591,-1.1,0.15
SAGA_For_000591,-0.99,
SAGA_For_000602,-0.97,-0.19
SAGA_For_000602,-1.17,
SAGA_For_000610,-0.94,-0.19
SAGA_For_000610,-0.88,
SAGA_For_000624,-1.24,0.06
SAGA_For_000624,-0.94,
SAGA_For_000630,-1.44,0.04
SAGA_For_000630,-0.78,
SAGA_For_000631,-1.41,-0.09
SAGA_For_000631,-1.42,
SAGA_For_000636,-1.07,-0.28
SAGA_For_000636,-0.89,
SAGA_For_000637,-1.34,-0.2
SAGA_For_000637,-1.09,
SAGA_For_000646,-1.69,0.04
SAGA_For_000646,-1.31,
SAGA_For_000659,-3.66,0.44
SAGA_For_000659,-2.61,
SAGA_For_000689,-0.69,
SAGA_For_000689,-0.79,-0.34
SAGA_For_000690,-0.74,
SAGA_For_000690,-0.73,0
SAGA_For_000691,-0.86,
SAGA_For_000691,-0.86,-0.08
SAGA_For_000692,-0.9,
SAGA_For_000692,-0.89,-0.09
SAGA_For_000693,-0.87,
SAGA_For_000693,-0.86,-0.13
SAGA_For_000693,-0.98,-0.08
SAGA_For_000694,-0.8,
SAGA_For_000694,-0.83,-0.01
SAGA_For_000694,-0.8,-0.3
SAGA_For_000695,-0.88,
SAGA_For_000695,-0.82,-0.13
SAGA_For_000696,-0.85,
SAGA_For_000696,-0.89,0.03
SAGA_For_000696,-0.84,-0.24
SAGA_For_000697,-0.72,
SAGA_For_000697,-0.72,-0.02
SAGA_For_000698,-2.65,
SAGA_For_000698,-2.6,0.38
SAGA_For_000699,-0.95,
SAGA_For_000699,-0.96,-0.06
SAGA_For_000700,-0.93,
SAGA_For_000700,-0.95,0.02
SAGA_For_000701,-0.79,
SAGA_For_000701,-0.79,-0.29
SAGA_For_000708,-0.49,-0.71
SAGA_For_000710,-0.94,0.4
SAGA_For_000716,-0.5,-0.16
SAGA_For_000718,-0.79,0.35
SAGA_For_000719,-0.67,0.2
SAGA_For_000721,-0.79,-0.74
SAGA_For_000723,-0.91,0
SAGA_For_000729,-0.94,0.07
SAGA_For_000730,-0.4,-0.07
SAGA_For_000733,-1.32,0
SAGA_For_000735,-0.51,-0.11
SAGA_For_000738,-0.62,0.77
SAGA_For_000739,-0.29,0.61
SAGA_For_000740,-0.68,-0.15
SAGA_For_000744,-0.81,0.11
SAGA_For_000745,-0.78,-0.16
SAGA_For_000746,-0.68,0.51
SAGA_For_000748,-0.73,-0.18
SAGA_For_000749,-0.99,0.19
SAGA_For_000751,-1.16,0.07
SAGA_For_000752,-0.99,-0.04
SAGA_For_000754,-1.01,-0.1
SAGA_For_000755,-0.76,-0.11
SAGA_For_000757,-1.1,0
SAGA_For_000759,-0.64,-0.34
SAGA_For_000760,-0.09,-0.35
SAGA_For_000761,-0.92,-0.29
SAGA_For_000763,-0.43,-0.36
SAGA_For_000765,-0.86,
SAGA_For_000765,-0.69,-0.42
SAGA_For_000767,-1.09,0.19
SAGA_For_000768,-0.84,-0.46
SAGA_For_000769,-0.85,0.22
SAGA_For_000770,-0.98,-0.3
SAGA_For_000771,-1.27,-0.14
SAGA_For_000773,-0.38,0.31
SAGA_For_000774,-0.54,-0.82
SAGA_For_000775,-0.54,0.11
SAGA_For_000776,-0.79,-0.65
SAGA_For_000777,-1.36,0.49
SAGA_For_000778,-0.94,-0.29
SAGA_For_000779,-0.97,0.45
SAGA_For_000780,-0.94,-0.15
SAGA_For_000780,-0.7,-0.41
SAGA_For_000783,-0.69,0.11
SAGA_For_000784,-0.87,0.04
SAGA_For_000785,-0.89,-0.4
SAGA_For_000787,-0.53,0.09
SAGA_For_000788,-0.68,-0.19
SAGA_For_000789,-0.96,0
SAGA_For_000790,-0.61,0.17
SAGA_For_000792,-1.04,-0.48
SAGA_For_000794,-0.28,-0.04
SAGA_For_000796,-0.74,-0.06
SAGA_For_000799,-0.7,0.47
SAGA_For_000800,-0.68,-0.02
SAGA_For_000802,-0.39,-0.23
SAGA_For_000803,-0.84,
SAGA_For_000803,-0.7,0.28
SAGA_For_000803,-0.83,
SAGA_For_000805,-1.17,
SAGA_For_000805,-0.92,-0.33
SAGA_For_000805,-1.17,
SAGA_For_000806,-1.05,0.51
SAGA_For_000807,-1.04,0.06
SAGA_For_000808,-1.1,
SAGA_For_000808,-0.88,0.12
SAGA_For_000810,-1.3,
SAGA_For_000810,-1.11,0.57
SAGA_For_000811,-1.12,
SAGA_For_000811,-0.87,-0.23
SAGA_For_000812,-1.11,0.07
SAGA_For_000813,-1.09,0.02
SAGA_For_000816,-0.83,-0.38
SAGA_For_000817,-0.66,-0.02
SAGA_For_000819,-0.59,-0.19
SAGA_For_000820,-0.7,0.14
SAGA_For_000821,-0.63,-0.21
SAGA_For_000822,-0.76,-0.43
SAGA_For_000823,-0.8,0
SAGA_For_000825,-0.41,-0.33
SAGA_For_000826,-0.91,
SAGA_For_000826,-0.67,-0.32
SAGA_For_000827,-0.84,-0.32
SAGA_For_000828,-1.03,-0.75
SAGA_For_000829,-0.79,-0.5
SAGA_For_000830,-1.19,0.88
SAGA_For_000832,-0.91,-0.38
SAGA_For_000833,-0.99,0.57
SAGA_For_000834,-1.13,
SAGA_For_000834,-0.86,-0.33
SAGA_For_000835,-0.82,
SAGA_For_000835,-0.51,-0.1
SAGA_For_000836,-0.98,
SAGA_For_000836,-0.85,-0.43
SAGA_For_000837,-0.62,-0.09
SAGA_For_000838,-0.89,
SAGA_For_000838,-0.65,-0.16
SAGA_For_000838,-0.88,
SAGA_For_000839,-1.33,0.22
SAGA_For_000841,-1.08,
SAGA_For_000841,-0.87,0.27
SAGA_For_000844,-0.77,-0.23
SAGA_For_000846,-0.89,
SAGA_For_000846,-0.62,-0.3
SAGA_For_000846,-0.89,
SAGA_For_000847,-0.9,-0.11
SAGA_For_000849,-0.56,-0.39
SAGA_For_000850,-0.79,
SAGA_For_000850,-0.55,-0.3
SAGA_For_000853,-1.43,
SAGA_For_000853,-1.21,0.06
SAGA_For_000854,-1.07,
SAGA_For_000854,-0.77,0.17
SAGA_For_000855,-0.54,-0.42
SAGA_For_000856,-0.88,-0.7
SAGA_For_000858,-0.77,
SAGA_For_000858,-0.68,
SAGA_For_000858,-0.51,-0.25
SAGA_For_000858,-0.76,
SAGA_For_000859,-0.74,0.24
SAGA_For_000860,-1.17,0.91
SAGA_For_000862,-0.9,-0.33
SAGA_For_000864,-1.31,-0.37
SAGA_For_000867,-0.92,0.19
SAGA_For_000868,-0.83,-0.33
SAGA_For_000869,-0.5,-0.29
SAGA_For_000872,-1.42,0.64
SAGA_For_000874,-1.09,
SAGA_For_000874,-0.91,0.14
SAGA_For_000877,-0.67,-0.18
SAGA_For_000878,-0.98,0.68
SAGA_For_000879,-0.71,-0.61
SAGA_For_000880,-0.6,0.17
SAGA_For_000882,-0.63,-0.19
SAGA_For_000883,-0.52,-0.19
SAGA_For_000885,-0.87,-0.05
SAGA_For_000886,-1.03,0.24
SAGA_For_000888,-0.61,-0.16
SAGA_For_000892,-0.8,-0.79
SAGA_For_000894,-0.78,0.07
SAGA_For_000895,-1.49,
SAGA_For_000895,-1.29,-0.29
SAGA_For_000895,-1.49,
SAGA_For_000896,-0.96,-0.18
SAGA_For_000897,-1.27,-0.2
SAGA_For_000898,-0.92,0.05
SAGA_For_000900,-0.57,0.16
SAGA_For_000901,-0.95,0.71
SAGA_For_000907,-1.07,0.04
SAGA_For_000908,-0.89,-0.5
SAGA_For_000909,-0.99,-0.1
SAGA_For_000910,-0.79,-0.51
SAGA_For_000911,-0.82,-0.32
SAGA_For_000912,-0.79,0.04
SAGA_For_000913,-0.99,0.38
SAGA_For_000914,-0.97,-0.02
SAGA_For_000915,-1.05,0.85
SAGA_For_000918,-0.86,0.28
SAGA_For_000919,-0.48,-0.41
SAGA_For_000920,-0.64,0.11
SAGA_For_000921,-0.81,0.14
SAGA_For_000922,-0.68,0.08
SAGA_For_000923,-0.99,0.58
SAGA_For_000925,-0.78,-0.14
SAGA_For_000926,-0.84,0.34
SAGA_For_000927,-1.09,
SAGA_For_000927,-0.86,-0.07
SAGA_For_000927,-1.08,
SAGA_For_000930,-0.73,-0.11
SAGA_For_000933,-1.14,
SAGA_For_000933,-0.89,-0.16
SAGA_For_000933,-1.13,
SAGA_For_000934,-0.82,-0.05
SAGA_For_000935,-0.46,-0.32
SAGA_For_000937,-1.09,
SAGA_For_000937,-0.89,-0.36
SAGA_For_000939,-0.67,-0.3
SAGA_For_000940,-1.48,0.03
SAGA_For_000941,-0.81,-0.08
SAGA_For_000941,-0.82,-0.25
SAGA_For_000942,-1.03,0.32
SAGA_For_000943,-0.91,0.17
SAGA_For_000945,-0.77,1.01
SAGA_For_000946,-0.61,-0.16
SAGA_For_000947,-0.87,-0.11
SAGA_For_000948,-0.59,-0.25
SAGA_For_000950,-0.93,-0.11
SAGA_For_000951,-0.61,-0.29
SAGA_For_000952,-0.42,-0.06
SAGA_For_000953,-1.06,
SAGA_For_000953,-0.81,-0.09
SAGA_For_000955,-0.83,
SAGA_For_000955,-0.55,-0.1
SAGA_For_000956,-1.05,0.19
SAGA_For_000958,-0.77,0.62
SAGA_For_000960,-1,-0.35
SAGA_For_000961,-0.53,-0.28
SAGA_For_000963,-0.78,-0.19
SAGA_For_000964,-0.52,-0.2
SAGA_For_000965,-0.68,-0.32
SAGA_For_000966,-0.62,-0.63
SAGA_For_000968,-1.07,0.58
SAGA_For_000969,-0.94,-0.18
SAGA_For_000970,-0.93,0.09
SAGA_For_000971,-0.59,0.16
SAGA_For_000972,-1.11,-0.28
SAGA_For_000974,-0.85,-0.01
SAGA_For_000975,-0.58,-0.13
SAGA_For_000975,-0.47,-0.42
SAGA_For_000976,-0.78,0.42
SAGA_For_000978,-0.7,
SAGA_For_000978,-0.4,-0.37
SAGA_For_000979,-1.25,0.56
SAGA_For_000981,-0.67,-0.31
SAGA_For_000982,-0.38,-0.33
SAGA_For_000983,-0.59,-0.27
SAGA_For_000984,-0.77,0.2
SAGA_For_000985,-0.76,-0.32
SAGA_For_000989,-0.81,
SAGA_For_000989,-0.52,-0.25
SAGA_For_000990,-0.86,-0.08
SAGA_For_000991,-0.88,0.03
SAGA_For_000992,-0.62,-0.11
SAGA_For_000993,-0.84,-0.76
SAGA_For_000994,-1.38,0.42
SAGA_For_000995,-0.54,0.08
SAGA_For_000997,-0.88,0.48
SAGA_For_000998,-0.45,0.44
SAGA_For_000999,-1.12,
SAGA_For_000999,-0.93,-0.22
SAGA_For_000999,-1.11,
SAGA_For_001000,-0.66,-0.33
SAGA_For_001001,-0.9,-0.05
SAGA_For_001002,-0.64,0.04
SAGA_For_001003,-0.76,-0.35
SAGA_For_001005,-0.59,-0.21
SAGA_For_001006,-1.09,0.69
SAGA_For_001007,-1.09,
SAGA_For_001007,-0.84,-0.17
SAGA_For_001007,-1.09,
SAGA_For_001009,-1.06,0.8
SAGA_For_001011,-0.66,-0.11
SAGA_For_001013,-0.92,-0.16
SAGA_For_001015,-0.81,-0.21
SAGA_For_001016,-0.8,
SAGA_For_001016,-0.58,-0.15
SAGA_For_001017,-0.65,0.2
SAGA_For_001018,-0.71,-0.89
SAGA_For_001020,-0.48,-0.48
SAGA_For_001021,-1.05,-0.09
SAGA_For_001022,-1.04,-0.29
SAGA_For_001025,-0.7,-0.49
SAGA_For_001026,-0.99,0.03
SAGA_For_001027,-0.52,-0.21
SAGA_For_001028,-1.15,
SAGA_For_001028,-0.89,-0.39
SAGA_For_001029,-0.97,0.61
SAGA_For_001032,-0.97,-0.06
SAGA_For_001033,-0.92,-0.12
SAGA_For_001034,-0.59,0.26
SAGA_For_001037,-0.7,
SAGA_For_001037,-0.43,-0.2
SAGA_For_001038,-0.98,0.14
SAGA_For_001039,-0.42,-0.13
SAGA_For_001040,-0.7,
SAGA_For_001040,,
SAGA_For_001040,-0.38,-0.43
SAGA_For_001040,-0.7,
SAGA_For_001041,-0.52,-0.33
SAGA_For_001042,-0.88,
SAGA_For_001042,-0.6,-0.3
SAGA_For_001042,-0.87,
SAGA_For_001043,-1.71,
SAGA_For_001043,-1.44,0.02
SAGA_For_001043,-1.53,-0.03
SAGA_For_001043,-1.7,
SAGA_For_001044,-0.66,-0.19
SAGA_For_001045,-0.76,
SAGA_For_001045,-0.47,-0.28
SAGA_For_001046,-0.88,-0.42
SAGA_For_001047,-0.88,-0.18
SAGA_For_001049,-1.05,
SAGA_For_001049,-0.82,-0.48
SAGA_For_001050,-1.03,
SAGA_For_001050,-0.87,-0.28
SAGA_For_001050,-0.8,-0.36
SAGA_For_001050,-1.03,
SAGA_For_001052,-0.99,0.17
SAGA_For_001053,-1.14,
SAGA_For_001053,-0.87,-0.72
SAGA_For_001053,-1.13,
SAGA_For_001054,-0.87,-0.39
SAGA_For_001055,-2.21,
SAGA_For_001055,-2.04,0.67
SAGA_For_001058,-0.67,-0.14
SAGA_For_001059,-0.53,-0.24
SAGA_For_001062,-0.58,-0.07
SAGA_For_001064,-0.88,-0.28
SAGA_For_001065,-0.58,-0.11
SAGA_For_001066,-0.79,-0.49
SAGA_For_001067,-0.78,0.01
SAGA_For_001068,-1.13,
SAGA_For_001068,-0.88,-0.2
SAGA_For_001068,-1.12,
SAGA_For_001070,-0.68,0.11
SAGA_For_001071,-0.42,-0.08
SAGA_For_001072,-0.77,
SAGA_For_001072,-0.59,-0.41
SAGA_For_001074,-1.66,
SAGA_For_001074,-1.45,-0.23
SAGA_For_001074,-1.65,
SAGA_For_001075,-0.21,0.45
SAGA_For_001077,-0.61,0.4
SAGA_For_001078,-1.05,
SAGA_For_001078,-0.78,-0.09
SAGA_For_001078,-1.04,
SAGA_For_001083,-0.78,-0.49
SAGA_For_001084,-1.06,0.08
SAGA_For_001085,-1.55,0.4
SAGA_For_001086,-0.92,-0.16
SAGA_For_001087,-0.69,
SAGA_For_001087,-0.5,-0.53
SAGA_For_001089,-0.83,-0.46
SAGA_For_001090,-1.02,
SAGA_For_001090,-0.79,-0.66
SAGA_For_001091,-1.09,
SAGA_For_001091,,
SAGA_For_001091,-0.9,-0.39
SAGA_For_001091,-1.09,
SAGA_For_001092,-0.95,
SAGA_For_001092,-0.78,-0.25
SAGA_For_001093,-0.61,-0.27
SAGA_For_001093,-0.44,-0.26
SAGA_For_001094,-0.59,0.29
SAGA_For_001095,-0.61,-0.05
SAGA_For_001096,-0.72,-0.26
SAGA_For_001097,-0.72,-0.35
SAGA_For_001099,-1.19,
SAGA_For_001099,-0.98,-0.04
SAGA_For_001100,-0.51,-0.88
SAGA_For_001102,-0.62,-0.09
SAGA_For_001105,-0.61,0.18
SAGA_For_001106,-0.89,0.08
SAGA_For_001109,-0.76,0.64
SAGA_For_001110,-1.02,0.62
SAGA_For_001111,-0.42,-0.61
SAGA_For_001112,-0.59,
SAGA_For_001112,-0.37,-0.82
SAGA_For_001115,-1.06,
SAGA_For_001115,-0.83,-0.01
SAGA_For_001115,-1.05,
SAGA_For_001116,-1.01,-0.12
SAGA_For_001117,-0.56,-0.01
SAGA_For_001118,-1.19,
SAGA_For_001118,-0.98,0.1
SAGA_For_001119,-0.67,-0.09
SAGA_For_001120,-0.71,-0.26
SAGA_For_001121,-0.7,-0.19
SAGA_For_001122,-1.17,
SAGA_For_001122,-0.93,-0.39
SAGA_For_001123,-0.83,0.58
SAGA_For_001124,-0.66,-0.01
SAGA_For_001125,-0.47,-0.02
SAGA_For_001126,-0.65,
SAGA_For_001126,-0.4,0.04
SAGA_For_001132,-0.77,
SAGA_For_001132,-0.65,0.18
SAGA_For_001133,-0.53,0.01
SAGA_For_001134,-0.81,-0.25
SAGA_For_001135,-0.85,-0.04
SAGA_For_001137,-0.84,0.87
SAGA_For_001138,-0.8,-0.47
SAGA_For_001140,-0.86,0.03
SAGA_For_001141,-0.48,-0.08
SAGA_For_001142,-0.82,
SAGA_For_001142,-0.73,
SAGA_For_001142,-0.56,-0.3
SAGA_For_001142,-0.81,
SAGA_For_001144,-0.34,-0.13
SAGA_For_001145,-1.24,-0.71
SAGA_For_001148,-0.93,-0.19
SAGA_For_001151,-0.74,
SAGA_For_001151,-0.59,0.7
SAGA_For_001154,-0.88,-0.13
SAGA_For_001155,-1.78,0.12
SAGA_For_001156,-0.33,-0.04
SAGA_For_001157,-0.76,-0.11
SAGA_For_001159,-0.97,-0.5
SAGA_For_001160,-0.85,-0.21
SAGA_For_001161,-0.7,-0.05
SAGA_For_001162,-1.08,
SAGA_For_001162,-0.84,-0.8
SAGA_For_001163,-1.17,0.94
SAGA_For_001164,-0.93,-0.18
SAGA_For_001165,-0.11,0.01
SAGA_For_001167,-0.63,0.78
SAGA_For_001168,-0.91,0.55
SAGA_For_001169,-1.08,
SAGA_For_001169,-0.87,-0.32
SAGA_For_001172,-1.35,-0.69
SAGA_For_001173,-0.9,
SAGA_For_001173,-0.76,0.04
SAGA_For_001173,-0.62,-0.28
SAGA_For_001173,-0.89,
SAGA_For_001174,-1.91,0.24
SAGA_For_001176,-0.5,-0.27
SAGA_For_001177,-0.7,-0.05
SAGA_For_001177,-0.49,-0.44
SAGA_For_001179,-1.1,-0.12
SAGA_For_001180,-0.95,0.09
SAGA_For_001182,-0.85,-0.05
SAGA_For_001184,-1.2,
SAGA_For_001184,-0.98,-0.02
SAGA_For_001185,-1.07,0.14
SAGA_For_001186,-1.12,
SAGA_For_001186,-0.83,-0.09
SAGA_For_001186,-0.88,-0.17
SAGA_For_001187,-0.78,0.38
SAGA_For_001188,-0.42,-0.21
SAGA_For_001191,-0.71,-0.27
SAGA_For_001193,-0.86,-0.36
SAGA_For_001194,-0.53,0.06
SAGA_For_001195,-0.67,0.01
SAGA_For_001196,-0.95,-0.31
SAGA_For_001200,-0.7,0.27
SAGA_For_001203,-1.14,-0.02
SAGA_For_001205,-0.6,-0.4
SAGA_For_001206,-0.59,0.27
SAGA_For_001208,-0.72,0.74
SAGA_For_001209,-1.61,0.85
SAGA_For_001212,-0.69,-0.24
SAGA_For_001214,-0.81,-0.05
SAGA_For_001214,-0.95,-0.14
SAGA_For_001216,-0.94,0.07
SAGA_For_001217,-0.39,-0.46
SAGA_For_001218,-1.11,
SAGA_For_001218,-0.84,-0.03
SAGA_For_001220,-0.73,0.49
SAGA_For_001223,-0.76,-0.02
SAGA_For_001224,-1.13,
SAGA_For_001224,-1.03,0.05
SAGA_For_001225,-1.06,0.79
SAGA_For_001226,-1.02,-0.19
SAGA_For_001227,-1.22,
SAGA_For_001227,-1.01,-0.22
SAGA_For_001229,-0.68,-0.18
SAGA_For_001231,-0.71,0.11
SAGA_For_001232,-0.92,-0.21
SAGA_For_001234,-0.52,-0.47
SAGA_For_001235,-0.97,-0.26
SAGA_For_001236,-0.99,0.26
SAGA_For_001237,-0.74,0.75
SAGA_For_001238,-0.95,
SAGA_For_001238,-0.75,0.43
SAGA_For_001238,-0.94,
SAGA_For_001239,-0.86,-0.08
SAGA_For_001240,-0.91,-0.33
SAGA_For_001241,-0.78,
SAGA_For_001241,-0.54,0.23
SAGA_For_001243,-0.87,
SAGA_For_001243,-0.78,0.21
SAGA_For_001248,-1.18,
SAGA_For_001248,-0.97,-0.16
SAGA_For_001250,-1.16,0.09
SAGA_For_001251,-0.99,-0.68
SAGA_For_001253,-1.05,
SAGA_For_001253,-0.86,0.2
SAGA_For_001256,-0.56,-0.2
SAGA_For_001257,-0.69,-0.78
SAGA_For_001259,-0.79,
SAGA_For_001259,-0.54,-0.52
SAGA_For_001261,-0.51,0.17
SAGA_For_001264,-0.62,-0.21
SAGA_For_001266,-1.01,0.19
SAGA_For_001268,-0.93,-0.09
SAGA_For_001271,-1.31,0.69
SAGA_For_001272,-1.22,
SAGA_For_001272,-1.01,-0.42
SAGA_For_001273,-0.84,-0.29
SAGA_For_001275,-0.58,0.14
SAGA_For_001276,-0.57,-0.03
SAGA_For_001277,-0.85,-0.14
SAGA_For_001279,-0.92,-0.03
SAGA_For_001280,-1.14,
SAGA_For_001280,-0.88,0.01
SAGA_For_001280,-1.14,
SAGA_For_001281,-0.42,-0.13
SAGA_For_001282,-0.9,
SAGA_For_001282,-0.67,-0.39
SAGA_For_001283,-1,-0.19
SAGA_For_001284,-0.71,0.06
SAGA_For_001285,-0.81,-0.19
SAGA_For_001286,-0.81,-0.13
SAGA_For_001288,-0.84,
SAGA_For_001288,-0.62,-0.43
SAGA_For_001289,-0.52,0.27
SAGA_For_001290,-0.89,-0.09
SAGA_For_001292,-0.81,-0.05
SAGA_For_001294,-0.96,
SAGA_For_001294,-0.71,0.27
SAGA_For_001296,-1.69,
SAGA_For_001296,-1.5,0.55
SAGA_For_001298,-0.96,0.23
SAGA_For_001299,-0.92,-0.26
SAGA_For_001300,-1.11,0.03
SAGA_For_001301,-1.02,
SAGA_For_001301,-0.79,0.28
SAGA_For_001302,-0.88,0.01
SAGA_For_001305,-0.84,-0.7
SAGA_For_001306,-0.96,
SAGA_For_001306,-0.74,0.06
SAGA_For_001307,-0.92,0.04
SAGA_For_001308,-1.1,-0.13
SAGA_For_001310,-0.42,0.45
SAGA_For_001314,-1.13,0.55
SAGA_For_001315,-1.48,0.81
SAGA_For_001316,-0.83,
SAGA_For_001316,-0.6,-0.13
SAGA_For_001318,-1.09,0
SAGA_For_001319,-0.87,0.17
SAGA_For_001320,-0.9,0.53
SAGA_For_001322,-1.24,
SAGA_For_001322,-0.99,-0.38
SAGA_For_001323,-0.96,-0.03
SAGA_For_001324,-0.8,-0.54
SAGA_For_001325,-1.11,0.56
SAGA_For_001326,-0.49,-0.51
SAGA_For_001327,-0.58,0.63
SAGA_For_001328,,
SAGA_For_001328,-0.89,-0.47
SAGA_For_001329,-0.6,-0.29
SAGA_For_001330,-0.97,-0.05
SAGA_For_001331,-0.96,
SAGA_For_001331,-0.74,0.62
SAGA_For_001334,-1,0
SAGA_For_001335,-0.55,-0.3
SAGA_For_001338,-0.75,0
SAGA_For_001339,-1.06,0.27
SAGA_For_001340,-0.58,-0.26
SAGA_For_001341,-0.92,
SAGA_For_001341,-0.71,0.1
SAGA_For_001341,-0.91,
SAGA_For_001343,-0.79,
SAGA_For_001343,-0.62,-0.51
SAGA_For_001345,-0.84,0.05
SAGA_For_001348,-0.69,
SAGA_For_001348,-0.71,0.74
SAGA_For_001353,-0.56,0.32
SAGA_For_001356,-0.76,0.48
SAGA_For_001360,-0.84,-0.04
SAGA_For_001361,-1.43,
SAGA_For_001361,-1.1,0.75
SAGA_For_001362,-0.8,
SAGA_For_001362,-0.56,0.39
SAGA_For_001363,-0.77,0.21
SAGA_For_001366,-0.88,-0.04
SAGA_For_001367,-0.82,0.31
SAGA_For_001369,-0.87,-0.18
SAGA_For_001372,-0.61,-0.34
SAGA_For_001373,-0.96,0.88
SAGA_For_001374,-0.73,-0.71
SAGA_For_001375,-1.16,0.37
SAGA_For_001379,-1.12,0.17
SAGA_For_001381,-0.63,0.35
SAGA_For_001382,-0.63,0.31
SAGA_For_001383,-0.81,0.6
SAGA_For_001388,-1.6,-0.14
SAGA_For_001390,-2.05,-0.13
SAGA_For_001396,-0.64,-0.19
SAGA_For_001403,-1.39,0.02
SAGA_For_001409,-1.57,-0.06
SAGA_For_001410,-2.4,0.6
SAGA_For_001411,-1.47,-0.11
SAGA_For_001417,-0.99,-0.3
SAGA_For_001418,-1.09,0.08
SAGA_For_001424,-0.81,-0.28
SAGA_For_001425,-0.98,-0.13
SAGA_For_001426,-1.79,-0.06
SAGA_For_001427,-1,-0.11
SAGA_For_001428,-0.86,-0.25
SAGA_For_001429,-1.24,-0.24
SAGA_For_001430,-1.34,0.23
SAGA_For_001432,-1.11,0.05
SAGA_For_001439,-0.97,-0.03
SAGA_For_001441,-1.68,0.21
SAGA_For_001445,-1.05,-0.13
SAGA_For_001447,-0.76,-0.22
SAGA_For_001448,-1.19,-0.08
SAGA_For_001450,-1.07,-0.12
SAGA_For_001451,-0.99,-0.2
SAGA_For_001453,-1.43,0.05
SAGA_For_001456,-0.81,-0.23
SAGA_For_001457,-0.94,-0.04
SAGA_For_001459,-1.66,0.32
SAGA_For_001460,-0.85,-0.17
SAGA_For_001463,-0.9,-0.27
SAGA_For_001465,-2.25,0.3
SAGA_For_001468,-0.9,-0.2
SAGA_For_001469,-1.92,0.52
SAGA_For_001473,-1.48,-0.01
SAGA_For_001474,-1.71,0
SAGA_For_001476,-0.89,-0.14
SAGA_For_001477,-0.99,-0.3
SAGA_For_001478,-0.95,-0.19
SAGA_For_001479,-1.35,-0.12
SAGA_For_001480,-0.89,-0.12
SAGA_For_001483,-0.92,-0.36
SAGA_For_001484,-1.29,-0.13
SAGA_For_001486,-1.51,0.1
SAGA_For_001486,-1.56,
SAGA_For_001487,-1.12,-0.01
SAGA_For_001488,-1.02,0.16
SAGA_For_001489,-1,0.01
SAGA_For_001492,-0.91,-0.27
SAGA_For_001494,-1.01,-0.15
SAGA_For_001495,-0.77,0.03
SAGA_For_001496,-0.87,-0.23
SAGA_For_001497,-1.11,-0.06
SAGA_For_001498,-2.05,0.4
SAGA_For_001500,-1.18,0.01
SAGA_For_001501,-1.04,-0.28
SAGA_For_001502,-0.96,0.12
SAGA_For_001503,-0.85,-0.16
SAGA_For_001504,-0.98,-0.13
SAGA_For_001506,-1.49,0.17
SAGA_For_001507,-0.85,-0.15
SAGA_For_001508,-0.97,0.02
SAGA_For_001510,-1.09,-0.05
SAGA_For_001511,-1.18,-0.14
SAGA_For_001514,-1.13,-0.27
SAGA_For_001517,-1.13,-0.21
SAGA_For_001518,-1.15,-0.1
SAGA_For_001522,-2.17,0.1
SAGA_For_001526,-0.91,-0.02
SAGA_For_001529,-0.97,0.02
SAGA_For_001530,-0.8,-0.34
SAGA_For_001533,-1.03,-0.17
SAGA_For_001537,-1.52,0.25
SAGA_For_001539,-0.54,-0.33
SAGA_For_001542,-1.7,0.13
SAGA_For_001543,-1,-0.03
SAGA_For_001544,-1.01,-0.05
SAGA_For_001545,-0.86,-0.26
SAGA_For_001546,-0.48,-0.45
SAGA_For_001547,-0.88,-0.22
SAGA_For_001548,-0.83,-0.29
SAGA_For_001549,-0.85,-0.29
SAGA_For_001551,-1.02,0.21
SAGA_For_001552,-1.8,0.31
SAGA_For_001553,-1.4,-0.03
SAGA_For_001554,-0.7,-0.04
SAGA_For_001555,-1.56,0.16
SAGA_For_001556,-1.97,0.38
SAGA_For_001557,-1.06,-0.01
SAGA_For_001560,-0.74,-0.32
SAGA_For_001561,-0.48,-0.43
SAGA_For_001562,-0.9,-0.15
SAGA_For_001563,-0.87,-0.26
SAGA_For_001564,-0.6,-0.12
SAGA_For_001568,-1.49,0.09
SAGA_For_001569,-0.84,-0.04
SAGA_For_001573,-1.37,-0.15
SAGA_For_001575,-1.87,0.49
SAGA_For_001576,-1.15,-0.02
SAGA_For_001577,-0.77,-0.32
SAGA_For_001581,-1.55,-0.1
SAGA_For_001582,-1.77,0.29
SAGA_For_001589,-1.12,-0.06
SAGA_For_001590,-1.12,-0.09
SAGA_For_001591,-0.9,0.28
SAGA_For_001594,-1.14,-0.1
SAGA_For_001596,-1.11,-0.14
SAGA_For_001597,-0.88,-0.21
SAGA_For_001604,-1.11,-0.24
SAGA_For_001609,-1.12,0.19
SAGA_For_001612,-1.89,0.31
SAGA_For_001619,-0.9,-0.22
SAGA_For_001620,-1.19,-0.22
SAGA_For_001624,-0.75,-0.16
SAGA_For_001625,-0.75,-0.14
SAGA_For_001628,-0.86,-0.06
SAGA_For_001629,-1.12,-0.21
SAGA_For_001631,-0.99,-0.26
SAGA_For_001632,-1.04,-0.31
SAGA_For_001634,-1.51,0.17
SAGA_For_001636,-1.05,-0.16
SAGA_For_001643,-1.27,-0.19
SAGA_For_001646,-0.89,0.06
SAGA_For_001648,-0.88,-0.28
SAGA_For_001649,-0.99,-0.01
SAGA_For_001653,-0.9,-0.16
SAGA_For_001659,-1.03,-0.07
SAGA_For_001661,-2,0.23
SAGA_For_001666,-1.39,-0.07
SAGA_For_001684,-1.5,0.02
SAGA_For_001685,-1.22,0.1
SAGA_For_001689,-1.21,-0.18
SAGA_Scl_000001,-1.98,0.35
SAGA_Scl_000001,-1.95,
SAGA_Scl_000001,-1.61,
SAGA_Scl_000001,-2.14,
SAGA_Scl_000001,-1.61,0.32
SAGA_Scl_000001,-2.01,
SAGA_Scl_000001,-2.13,
SAGA_Scl_000002,-1.66,0.34
SAGA_Scl_000002,-1.86,
SAGA_Scl_000002,-1.6,
SAGA_Scl_000002,-1.58,
SAGA_Scl_000002,-1.6,0.21
SAGA_Scl_000002,-1.79,
SAGA_Scl_000003,-1.56,0.16
SAGA_Scl_000003,-1.79,0.32
SAGA_Scl_000003,-1.77,
SAGA_Scl_000003,-1.75,
SAGA_Scl_000003,-1.77,0.32
SAGA_Scl_000003,-1.76,0.3
SAGA_Scl_000004,-1.77,0.24
SAGA_Scl_000004,-1.77,0.23
SAGA_Scl_000004,-1.8,
SAGA_Scl_000004,-1.78,
SAGA_Scl_000004,-1.8,0.42
SAGA_Scl_000004,-1.68,0.05
SAGA_Scl_000005,-1.24,0.07
SAGA_Scl_000005,-1.22,-0.07
SAGA_Scl_000005,-1.35,
SAGA_Scl_000005,-1.33,
SAGA_Scl_000005,-1.35,-0.02
SAGA_Scl_000005,-1.07,-0.21
SAGA_Scl_000006,-2.1,0.67
SAGA_Scl_000006,-2.03,0.37
SAGA_Scl_000006,-2.18,
SAGA_Scl_000006,-2.17,
SAGA_Scl_000006,-2.16,
SAGA_Scl_000006,-2.18,0.43
SAGA_Scl_000006,-2,0.33
SAGA_Scl_000006,-2.15,
SAGA_Scl_000007,-0.97,-0.24
SAGA_Scl_000007,-0.82,
SAGA_Scl_000007,-0.79,
SAGA_Scl_000008,-1.72,0.14
SAGA_Scl_000008,-1.6,0.09
SAGA_Scl_000008,-1.68,
SAGA_Scl_000008,-1.66,
SAGA_Scl_000008,-1.68,0.43
SAGA_Scl_000008,-1.46,-0.1
SAGA_Scl_000009,-1.2,-0.21
SAGA_Scl_000009,-1.2,-0.07
SAGA_Scl_000009,-0.92,
SAGA_Scl_000009,-0.9,
SAGA_Scl_000009,-0.92,
SAGA_Scl_000009,-0.96,-0.59
SAGA_Scl_000010,-1.35,
SAGA_Scl_000010,-1.33,
SAGA_Scl_000010,-1.35,-0.14
SAGA_Scl_000012,-1.16,
SAGA_Scl_000012,-1.15,
SAGA_Scl_000012,-1.16,-0.07
SAGA_Scl_000013,-1.15,-0.15
SAGA_Scl_000013,-1.1,
SAGA_Scl_000013,-1.08,
SAGA_Scl_000013,-0.99,-0.34
SAGA_Scl_000014,-1.65,0.23
SAGA_Scl_000014,-1.49,
SAGA_Scl_000014,-1.47,
SAGA_Scl_000014,-1.1,-0.2
SAGA_Scl_000014,-1.25,-0.1
SAGA_Scl_000015,-2.35,
SAGA_Scl_000015,-2.33,
SAGA_Scl_000015,-2.35,0.39
SAGA_Scl_000016,-1.28,0.19
SAGA_Scl_000016,-1.39,
SAGA_Scl_000016,-1.13,
SAGA_Scl_000016,-1.15,-0.01
SAGA_Scl_000016,-1.12,-0.3
SAGA_Scl_000017,-1.39,
SAGA_Scl_000017,-1.37,
SAGA_Scl_000017,-1.39,-0.08
SAGA_Scl_000018,-1.86,
SAGA_Scl_000018,-1.84,
SAGA_Scl_000018,-1.86,0.62
SAGA_Scl_000018,-1.73,
SAGA_Scl_000019,-1.65,0.11
SAGA_Scl_000019,-1.7,
SAGA_Scl_000019,-1.72,
SAGA_Scl_000019,-1.68,
SAGA_Scl_000019,-1.7,0.28
SAGA_Scl_000019,-1.57,-0.03
SAGA_Scl_000019,-1.7,
SAGA_Scl_000020,-1.01,-0.04
SAGA_Scl_000020,-1.07,
SAGA_Scl_000020,-1.11,
SAGA_Scl_000020,-1.05,
SAGA_Scl_000020,-1.07,-0.1
SAGA_Scl_000020,-0.92,-0.39
SAGA_Scl_000020,-1.1,
SAGA_Scl_000021,-1.56,-0.08
SAGA_Scl_000021,-1.65,
SAGA_Scl_000021,-1.63,
SAGA_Scl_000021,-1.65,-0.09
SAGA_Scl_000021,-1.58,-0.05
SAGA_Scl_000022,-1.74,
SAGA_Scl_000022,-1.93,
SAGA_Scl_000022,-1.91,
SAGA_Scl_000022,-1.93,0.53
SAGA_Scl_000022,-1.65,-0.41
SAGA_Scl_000024,-1.83,0.3
SAGA_Scl_000024,-1.74,
SAGA_Scl_000024,-2.03,
SAGA_Scl_000024,-1.72,
SAGA_Scl_000024,-1.74,0.33
SAGA_Scl_000024,-1.98,0.51
SAGA_Scl_000024,-2.02,
SAGA_Scl_000026,-1.89,
SAGA_Scl_000026,-2.03,0.4
SAGA_Scl_000026,-2.03,0.4
SAGA_Scl_000027,-1.18,
SAGA_Scl_000027,-1.16,
SAGA_Scl_000027,-1.18,0.09
SAGA_Scl_000028,-2.16,0.08
SAGA_Scl_000028,-2.04,
SAGA_Scl_000028,-2.02,
SAGA_Scl_000028,-2.04,0.72
SAGA_Scl_000028,-2.54,
SAGA_Scl_000028,-2.23,0.2
SAGA_Scl_000029,-1.45,0.12
SAGA_Scl_000029,-1.5,
SAGA_Scl_000029,-1.57,
SAGA_Scl_000029,-1.48,
SAGA_Scl_000029,-1.5,0.18
SAGA_Scl_000029,-1.41,-0.04
SAGA_Scl_000029,-1.55,
SAGA_Scl_000030,-1.12,-0.21
SAGA_Scl_000030,-1.07,
SAGA_Scl_000030,-1.25,
SAGA_Scl_000030,-1.05,
SAGA_Scl_000030,-1.07,-0.04
SAGA_Scl_000030,-1.08,-0.47
SAGA_Scl_000030,-1.24,
SAGA_Scl_000031,-1.96,0.3
SAGA_Scl_000031,-1.8,
SAGA_Scl_000031,-1.89,
SAGA_Scl_000031,-1.78,
SAGA_Scl_000031,-1.8,0.32
SAGA_Scl_000031,-1.81,0.14
SAGA_Scl_000031,-1.88,
SAGA_Scl_000032,-1.47,
SAGA_Scl_000032,-1.45,
SAGA_Scl_000032,-1.47,0.17
SAGA_Scl_000032,-1.49,
SAGA_Scl_000033,-1.9,
SAGA_Scl_000033,-1.89,
SAGA_Scl_000033,-1.9,0.24
SAGA_Scl_000034,-1.81,-0.04
SAGA_Scl_000034,-1.89,
SAGA_Scl_000034,-1.87,
SAGA_Scl_000034,-1.89,0.25
SAGA_Scl_000034,-1.83,0.16
SAGA_Scl_000034,-1.84,
SAGA_Scl_000035,-2.35,
SAGA_Scl_000035,-2.33,
SAGA_Scl_000035,-2.35,0.2
SAGA_Scl_000035,-2.78,
SAGA_Scl_000036,-1.46,
SAGA_Scl_000036,-1.44,
SAGA_Scl_000036,-1.46,-0.1
SAGA_Scl_000036,-1.62,
SAGA_Scl_000037,-0.97,-0.13
SAGA_Scl_000037,-1.08,
SAGA_Scl_000037,-1.06,
SAGA_Scl_000037,-1.07,
SAGA_Scl_000037,-1.08,-0.56
SAGA_Scl_000037,-0.85,-0.5
SAGA_Scl_000037,-1.05,
SAGA_Scl_000038,-2.01,0.4
SAGA_Scl_000038,-1.86,
SAGA_Scl_000038,-1.84,
SAGA_Scl_000038,-1.86,0.34
SAGA_Scl_000038,-2.15,
SAGA_Scl_000038,-2.17,
SAGA_Scl_000038,-1.97,0.32
SAGA_Scl_000038,-2.01,
SAGA_Scl_000039,-1.47,-0.14
SAGA_Scl_000039,-1.41,
SAGA_Scl_000039,-1.39,
SAGA_Scl_000039,-1.41,0
SAGA_Scl_000039,-1.27,-0.46
SAGA_Scl_000039,-1.35,
SAGA_Scl_000040,-1.69,
SAGA_Scl_000040,-1.67,
SAGA_Scl_000040,-1.69,0.18
SAGA_Scl_000041,-2.16,
SAGA_Scl_000041,-2.14,
SAGA_Scl_000041,-2.16,0.55
SAGA_Scl_000043,-2.21,
SAGA_Scl_000043,-1.96,
SAGA_Scl_000043,-2.43,
SAGA_Scl_000043,-1.94,
SAGA_Scl_000043,-1.96,0.32
SAGA_Scl_000043,-2.26,
SAGA_Scl_000043,-2.41,
SAGA_Scl_000044,-1.28,
SAGA_Scl_000044,-1.26,
SAGA_Scl_000044,-1.28,0.14
SAGA_Scl_000045,-1.74,-0.02
SAGA_Scl_000045,-1.71,
SAGA_Scl_000045,-1.84,
SAGA_Scl_000045,-1.69,
SAGA_Scl_000045,-1.71,0.2
SAGA_Scl_000045,-1.92,
SAGA_Scl_000045,-1.68,-0.05
SAGA_Scl_000045,-1.83,
SAGA_Scl_000046,-1.17,-0.11
SAGA_Scl_000046,-1.32,
SAGA_Scl_000046,-1.31,
SAGA_Scl_000046,-1.31,
SAGA_Scl_000046,-1.32,-0.14
SAGA_Scl_000046,-1.11,-0.19
SAGA_Scl_000046,-1.3,
SAGA_Scl_000047,-2.13,
SAGA_Scl_000047,-2,
SAGA_Scl_000047,-1.98,
SAGA_Scl_000047,-2,0.38
SAGA_Scl_000047,-2.13,
SAGA_Scl_000048,-1.17,
SAGA_Scl_000048,-1.15,
SAGA_Scl_000048,-1.17,-0.25
SAGA_Scl_000049,-1.23,-0.01
SAGA_Scl_000049,-0.93,
SAGA_Scl_000049,-1.19,
SAGA_Scl_000049,-0.91,
SAGA_Scl_000049,-0.93,-0.31
SAGA_Scl_000049,-0.96,
SAGA_Scl_000049,-1.17,
SAGA_Scl_000050,-1.62,
SAGA_Scl_000050,-1.6,
SAGA_Scl_000050,-1.62,0.35
SAGA_Scl_000053,-1.48,
SAGA_Scl_000053,-1.46,
SAGA_Scl_000053,-1.48,0.07
SAGA_Scl_000054,-1.11,
SAGA_Scl_000054,-1.09,
SAGA_Scl_000054,-1.11,-0.14
SAGA_Scl_000055,-1.21,
SAGA_Scl_000055,-1.19,
SAGA_Scl_000055,-1.21,0.05
SAGA_Scl_000056,-1.1,
SAGA_Scl_000056,-1.08,
SAGA_Scl_000056,-1.1,0
SAGA_Scl_000057,-1.63,0.19
SAGA_Scl_000057,-1.85,
SAGA_Scl_000057,-1.67,
SAGA_Scl_000057,-1.83,
SAGA_Scl_000057,-1.85,
SAGA_Scl_000057,-1.46,-0.1
SAGA_Scl_000058,-2.44,-0.49
SAGA_Scl_000058,-2.1,
SAGA_Scl_000058,-2.83,
SAGA_Scl_000059,-1.97,
SAGA_Scl_000059,-1.95,
SAGA_Scl_000059,-1.97,0.52
SAGA_Scl_000060,-1.35,-0.13
SAGA_Scl_000060,-1.33,
SAGA_Scl_000060,-1.43,
SAGA_Scl_000060,-1.31,
SAGA_Scl_000060,-1.33,0.1
SAGA_Scl_000060,-1.24,-0.38
SAGA_Scl_000060,-1.42,
SAGA_Scl_000061,-1.22,-0.01
SAGA_Scl_000061,-1.33,
SAGA_Scl_000061,-1.31,
SAGA_Scl_000061,-1.33,0.11
SAGA_Scl_000061,-1.05,-0.39
SAGA_Scl_000062,-1.3,
SAGA_Scl_000062,-1.44,
SAGA_Scl_000062,-1.3,
SAGA_Scl_000062,-1.32,-0.04
SAGA_Scl_000062,-1.2,
SAGA_Scl_000062,-1.42,
SAGA_Scl_000064,-1.12,0.07
SAGA_Scl_000064,-1.17,
SAGA_Scl_000064,-0.98,
SAGA_Scl_000064,-0.94,-0.24
SAGA_Scl_000064,-1.15,
SAGA_Scl_000066,-1.2,0.04
SAGA_Scl_000066,-1.24,
SAGA_Scl_000066,-1.29,
SAGA_Scl_000066,-1.22,
SAGA_Scl_000066,-1.24,-0.01
SAGA_Scl_000066,-1.09,-0.16
SAGA_Scl_000066,-1.27,
SAGA_Scl_000067,-1.24,-0.5
SAGA_Scl_000067,-1.3,
SAGA_Scl_000067,-1.34,
SAGA_Scl_000067,-1.28,
SAGA_Scl_000067,-1.3,0.13
SAGA_Scl_000067,-1.08,-0.71
SAGA_Scl_000067,-1.32,
SAGA_Scl_000068,-1.45,-0.2
SAGA_Scl_000068,-1.5,
SAGA_Scl_000068,-1.51,
SAGA_Scl_000068,-1.48,
SAGA_Scl_000068,-1.5,0.1
SAGA_Scl_000068,-1.38,-0.84
SAGA_Scl_000068,-1.49,
SAGA_Scl_000069,-0.84,-0.16
SAGA_Scl_000069,-1.24,
SAGA_Scl_000069,-1.23,
SAGA_Scl_000069,-1.24,
SAGA_Scl_000069,-0.81,-0.59
SAGA_Scl_000070,-2.26,
SAGA_Scl_000070,-2.24,
SAGA_Scl_000070,-2.26,0.61
SAGA_Scl_000070,-2.66,
SAGA_Scl_000070,-2.09,
SAGA_Scl_000071,-1.38,
SAGA_Scl_000071,-1.36,
SAGA_Scl_000071,-1.38,0.12
SAGA_Scl_000072,-1.54,0.26
SAGA_Scl_000072,-1.57,
SAGA_Scl_000072,-1.66,
SAGA_Scl_000072,-1.55,
SAGA_Scl_000072,-1.57,0.36
SAGA_Scl_000072,-1.78,
SAGA_Scl_000072,-1.51,0.14
SAGA_Scl_000072,-1.65,
SAGA_Scl_000073,-1.1,-0.31
SAGA_Scl_000073,-1,
SAGA_Scl_000073,-1.21,
SAGA_Scl_000073,-0.98,
SAGA_Scl_000073,-1,-0.12
SAGA_Scl_000073,-1.45,
SAGA_Scl_000073,-0.99,-0.44
SAGA_Scl_000073,-1.19,
SAGA_Scl_000074,-1.41,0.03
SAGA_Scl_000074,-1.53,
SAGA_Scl_000074,-1.51,
SAGA_Scl_000074,-1.53,0.31
SAGA_Scl_000074,-1.39,-0.07
SAGA_Scl_000076,-1.18,
SAGA_Scl_000076,-1.16,
SAGA_Scl_000076,-1.18,0.11
SAGA_Scl_000077,-1.64,-0.13
SAGA_Scl_000077,-1.68,
SAGA_Scl_000077,-1.65,
SAGA_Scl_000077,-1.68,0.49
SAGA_Scl_000077,-1.6,-0.19
SAGA_Scl_000078,-1.4,-0.06
SAGA_Scl_000078,-1.49,
SAGA_Scl_000078,-1.47,
SAGA_Scl_000078,-1.49,0.18
SAGA_Scl_000078,-1.39,-0.04
SAGA_Scl_000079,-1.81,
SAGA_Scl_000079,-1.79,
SAGA_Scl_000079,-1.81,0.33
SAGA_Scl_000080,-1.21,-0.1
SAGA_Scl_000080,-1.24,
SAGA_Scl_000080,-1.22,
SAGA_Scl_000080,-1.24,-0.22
SAGA_Scl_000080,-1.04,-0.46
SAGA_Scl_000082,-1.31,-0.11
SAGA_Scl_000082,-1.16,
SAGA_Scl_000082,-1.14,
SAGA_Scl_000082,-1.16,0
SAGA_Scl_000082,-1.19,-0.25
SAGA_Scl_000083,-2.47,
SAGA_Scl_000083,-2.41,
SAGA_Scl_000083,-2.39,
SAGA_Scl_000083,-2.41,0.4
SAGA_Scl_000083,-2.64,
SAGA_Scl_000083,-2.49,
SAGA_Scl_000084,-1.56,
SAGA_Scl_000084,-1.54,
SAGA_Scl_000084,-1.56,0.43
SAGA_Scl_000085,-1.22,
SAGA_Scl_000085,-1.19,
SAGA_Scl_000085,-1.22,-0.11
SAGA_Scl_000085,-1.07,-0.31
SAGA_Scl_000086,-2.31,0.08
SAGA_Scl_000086,-2.11,
SAGA_Scl_000086,-2.48,
SAGA_Scl_000086,-2.09,
SAGA_Scl_000086,-2.11,0.55
SAGA_Scl_000086,-2.34,0.21
SAGA_Scl_000086,-2.46,
SAGA_Scl_000087,-1.77,
SAGA_Scl_000087,-1.75,
SAGA_Scl_000087,-1.77,0.25
SAGA_Scl_000088,-1.37,0.72
SAGA_Scl_000088,-1.53,
SAGA_Scl_000088,-1.51,
SAGA_Scl_000088,-1.53,0.04
SAGA_Scl_000088,-1.23,
SAGA_Scl_000089,-1.15,
SAGA_Scl_000089,-1.13,
SAGA_Scl_000089,-1.15,0.13
SAGA_Scl_000090,-1.24,0.15
SAGA_Scl_000090,-1.32,
SAGA_Scl_000090,-1.3,
SAGA_Scl_000090,-1.32,0.07
SAGA_Scl_000090,-1.19,0
SAGA_Scl_000091,-2.27,
SAGA_Scl_000091,-2.25,
SAGA_Scl_000091,-2.27,0.65
SAGA_Scl_000092,-1.9,
SAGA_Scl_000092,-1.88,
SAGA_Scl_000092,-1.9,0.56
SAGA_Scl_000093,-1.65,
SAGA_Scl_000093,-1.63,
SAGA_Scl_000093,-1.65,0.26
SAGA_Scl_000095,-1.41,
SAGA_Scl_000095,-1.39,
SAGA_Scl_000095,-1.41,0.11
SAGA_Scl_000098,-1.89,0.2
SAGA_Scl_000098,-1.78,-0.04
SAGA_Scl_000098,-1.93,
SAGA_Scl_000099,-1.78,0.01
SAGA_Scl_000099,-1.95,
SAGA_Scl_000099,-2.11,
SAGA_Scl_000099,-1.77,-0.04
SAGA_Scl_000099,-1.94,
SAGA_Scl_000100,-2.02,0.38
SAGA_Scl_000100,-1.72,
SAGA_Scl_000100,-2.05,0.65
SAGA_Scl_000102,-1.18,-0.24
SAGA_Scl_000102,-1.26,
SAGA_Scl_000102,-1.06,-0.29
SAGA_Scl_000102,-1.25,
SAGA_Scl_000103,-1.92,-0.34
SAGA_Scl_000103,-1.9,0.09
SAGA_Scl_000104,-1.02,0.52
SAGA_Scl_000104,-1.07,0.32
SAGA_Scl_000105,-2.21,
SAGA_Scl_000105,-2.07,0.83
SAGA_Scl_000106,-1.35,-0.18
SAGA_Scl_000106,-1.44,
SAGA_Scl_000106,-1.23,-0.26
SAGA_Scl_000106,-1.43,
SAGA_Scl_000107,-1.84,
SAGA_Scl_000107,-1.92,
SAGA_Scl_000107,-1.83,-0.62
SAGA_Scl_000107,-1.91,
SAGA_Scl_000108,-1.19,0.95
SAGA_Scl_000108,-1.38,
SAGA_Scl_000108,-1.16,0.72
SAGA_Scl_000109,-1.97,0.72
SAGA_Scl_000109,-2.21,
SAGA_Scl_000110,-2.14,0.66
SAGA_Scl_000110,-2.28,
SAGA_Scl_000110,-2.13,0.6
SAGA_Scl_000111,-2.18,0.1
SAGA_Scl_000111,-2.32,
SAGA_Scl_000111,-2.19,0.11
SAGA_Scl_000111,-2.31,
SAGA_Scl_000115,-1.77,0.81
SAGA_Scl_000115,-1.84,0.99
SAGA_Scl_000117,-1.44,0.09
SAGA_Scl_000117,-1.59,
SAGA_Scl_000117,-1.36,-0.03
SAGA_Scl_000117,-1.57,
SAGA_Scl_000119,-1.36,0.54
SAGA_Scl_000119,-1.27,0.51
SAGA_Scl_000120,-1.41,-0.39
SAGA_Scl_000120,-1.54,
SAGA_Scl_000120,-1.34,-0.39
SAGA_Scl_000122,-1.1,-0.12
SAGA_Scl_000122,-1.23,
SAGA_Scl_000122,-1.05,-0.25
SAGA_Scl_000122,-1.22,
SAGA_Scl_000123,-1.46,0.1
SAGA_Scl_000123,-1.55,
SAGA_Scl_000123,-1.29,-0.18
SAGA_Scl_000123,-1.53,
SAGA_Scl_000124,-1.57,0.39
SAGA_Scl_000124,-1.6,0.51
SAGA_Scl_000125,-1.83,-0.01
SAGA_Scl_000125,-2.01,
SAGA_Scl_000125,-1.82,-0.08
SAGA_Scl_000125,-1.99,
SAGA_Scl_000126,-1.21,-0.14
SAGA_Scl_000126,-1.31,
SAGA_Scl_000126,-1.1,-0.23
SAGA_Scl_000126,-1.29,
SAGA_Scl_000127,-1.34,0.17
SAGA_Scl_000127,-1.56,
SAGA_Scl_000127,-1.34,0.18
SAGA_Scl_000127,-1.54,
SAGA_Scl_000128,-2.99,
SAGA_Scl_000128,-2.28,
SAGA_Scl_000128,-2.86,
SAGA_Scl_000128,-1.39,-0.02
SAGA_Scl_000130,-1.08,-0.01
SAGA_Scl_000130,-1.23,
SAGA_Scl_000130,-0.96,-0.31
SAGA_Scl_000130,-1.21,
SAGA_Scl_000131,-1.39,-0.2
SAGA_Scl_000131,-1.39,
SAGA_Scl_000131,-1.42,-0.09
SAGA_Scl_000132,-2.41,
SAGA_Scl_000132,-2.52,
SAGA_Scl_000132,-2.72,
SAGA_Scl_000132,-2.36,0.43
SAGA_Scl_000132,-2.5,
SAGA_Scl_000134,-0.91,-0.07
SAGA_Scl_000134,-1.01,
SAGA_Scl_000134,-0.79,-0.29
SAGA_Scl_000134,-1,
SAGA_Scl_000135,-1.59,0.69
SAGA_Scl_000135,-1.83,
SAGA_Scl_000135,-1.66,0.35
SAGA_Scl_000137,-2.01,0.67
SAGA_Scl_000137,-2.17,
SAGA_Scl_000137,-2.06,0.8
SAGA_Scl_000138,-0.89,-0.27
SAGA_Scl_000138,-0.79,-0.4
SAGA_Scl_000139,-1.2,-0.14
SAGA_Scl_000139,-1.13,-0.29
SAGA_Scl_000140,-1.7,0.61
SAGA_Scl_000140,-1.77,0.56
SAGA_Scl_000141,-1.53,0.19
SAGA_Scl_000141,-1.51,
SAGA_Scl_000141,-1.72,
SAGA_Scl_000141,-1.51,-0.02
SAGA_Scl_000141,-1.43,
SAGA_Scl_000141,-1.71,
SAGA_Scl_000143,-0.89,-0.26
SAGA_Scl_000143,-1.03,
SAGA_Scl_000143,-0.85,-0.53
SAGA_Scl_000143,-1.02,
SAGA_Scl_000144,-1.31,0.28
SAGA_Scl_000145,-0.98,0.66
SAGA_Scl_000146,-1.21,-0.15
SAGA_Scl_000146,-1.3,
SAGA_Scl_000146,-1.37,
SAGA_Scl_000146,-1.17,-0.09
SAGA_Scl_000146,-1.35,
SAGA_Scl_000149,-1.87,0.22
SAGA_Scl_000149,-1.99,
SAGA_Scl_000149,-1.85,
SAGA_Scl_000149,-1.98,
SAGA_Scl_000150,-1.99,
SAGA_Scl_000150,-1.95,0.76
SAGA_Scl_000151,-1.2,-0.05
SAGA_Scl_000151,-1.33,
SAGA_Scl_000151,-1.13,-0.21
SAGA_Scl_000151,-1.31,
SAGA_Scl_000152,-1.37,-0.3
SAGA_Scl_000152,-1.48,
SAGA_Scl_000152,-1.25,
SAGA_Scl_000152,-1.46,
SAGA_Scl_000153,-1.22,-0.09
SAGA_Scl_000153,-1.22,
SAGA_Scl_000153,-1.09,-0.44
SAGA_Scl_000153,-1.21,
SAGA_Scl_000154,-1.38,0.47
SAGA_Scl_000154,-1.36,0.32
SAGA_Scl_000156,-1.88,0.63
SAGA_Scl_000156,-1.86,0.37
SAGA_Scl_000157,-1.87,0.28
SAGA_Scl_000157,-1.9,0.09
SAGA_Scl_000162,-1.83,0.39
SAGA_Scl_000162,-2.04,
SAGA_Scl_000162,-1.86,0.38
SAGA_Scl_000162,-2.03,
SAGA_Scl_000163,-1.19,-0.17
SAGA_Scl_000163,-1.16,-0.57
SAGA_Scl_000164,-1.84,0.87
SAGA_Scl_000164,-2.09,
SAGA_Scl_000164,-1.93,0.77
SAGA_Scl_000165,-1.76,0.36
SAGA_Scl_000165,-1.9,
SAGA_Scl_000165,-1.73,0.27
SAGA_Scl_000165,-1.89,
SAGA_Scl_000167,-2.13,0.4
SAGA_Scl_000167,-2.24,
SAGA_Scl_000167,-2.04,
SAGA_Scl_000169,-1.08,-0.11
SAGA_Scl_000169,-1.29,
SAGA_Scl_000169,-1.14,
SAGA_Scl_000169,-0.89,-0.48
SAGA_Scl_000169,-1.12,
SAGA_Scl_000170,-1.86,0.27
SAGA_Scl_000171,-2.25,
SAGA_Scl_000171,-2.26,
SAGA_Scl_000171,-2.14,0.6
SAGA_Scl_000175,-1.41,-0.12
SAGA_Scl_000175,-1.59,
SAGA_Scl_000175,-1.56,
SAGA_Scl_000175,-1.33,
SAGA_Scl_000175,-1.55,
SAGA_Scl_000177,-2.13,0.2
SAGA_Scl_000177,-2.17,
SAGA_Scl_000177,-2.3,
SAGA_Scl_000177,-2.17,0.42
SAGA_Scl_000177,-2.28,
SAGA_Scl_000178,-1.54,0.2
SAGA_Scl_000178,-1.66,
SAGA_Scl_000178,-1.42,-0.25
SAGA_Scl_000178,-1.65,
SAGA_Scl_000179,-1.34,
SAGA_Scl_000179,-1.46,
SAGA_Scl_000179,-1.29,-0.42
SAGA_Scl_000180,-1.58,0.2
SAGA_Scl_000180,-1.62,0.13
SAGA_Scl_000183,-1.54,
SAGA_Scl_000183,-1.58,
SAGA_Scl_000183,-1.42,0.11
SAGA_Scl_000184,-2.29,
SAGA_Scl_000184,-1.96,0.93
SAGA_Scl_000185,-1.31,-0.01
SAGA_Scl_000185,-1.4,
SAGA_Scl_000185,-1.21,-0.17
SAGA_Scl_000185,-1.38,
SAGA_Scl_000186,-1.9,0.19
SAGA_Scl_000186,-2.04,
SAGA_Scl_000186,-2.01,
SAGA_Scl_000186,-2.04,
SAGA_Scl_000186,-1.89,0.1
SAGA_Scl_000186,-1.99,
SAGA_Scl_000188,-2.09,0.27
SAGA_Scl_000188,-2.06,
SAGA_Scl_000189,-1.95,0.28
SAGA_Scl_000189,-1.92,0.28
SAGA_Scl_000190,-1.67,
SAGA_Scl_000190,-1.72,
SAGA_Scl_000190,-1.51,0.61
SAGA_Scl_000192,-1.13,-0.09
SAGA_Scl_000192,-1.07,-0.17
SAGA_Scl_000193,-1.08,-0.34
SAGA_Scl_000193,-0.93,-0.57
SAGA_Scl_000196,-1.18,-0.11
SAGA_Scl_000196,-1.24,
SAGA_Scl_000196,-1.03,-0.29
SAGA_Scl_000198,-1.19,-0.11
SAGA_Scl_000198,-1.45,
SAGA_Scl_000198,-1.29,0.2
SAGA_Scl_000199,-1.39,0.02
SAGA_Scl_000199,-1.52,
SAGA_Scl_000199,-1.29,0.14
SAGA_Scl_000200,-1.55,0.29
SAGA_Scl_000200,-1.61,
SAGA_Scl_000200,-1.46,0.17
SAGA_Scl_000200,-1.6,
SAGA_Scl_000202,-1.05,-0.13
SAGA_Scl_000202,-1.27,
SAGA_Scl_000202,-0.93,-0.19
SAGA_Scl_000204,-2.32,0.74
SAGA_Scl_000204,-2.36,
SAGA_Scl_000205,-1.33,
SAGA_Scl_000205,-1.41,
SAGA_Scl_000205,-1.24,-0.62
SAGA_Scl_000205,-1.39,
SAGA_Scl_000206,-1.33,0.03
SAGA_Scl_000206,-1.27,
SAGA_Scl_000206,-1.05,-0.5
SAGA_Scl_000206,-1.26,
SAGA_Scl_000207,-1.92,0.15
SAGA_Scl_000207,-1.97,0.15
SAGA_Scl_000208,-1.83,0.42
SAGA_Scl_000208,-1.96,
SAGA_Scl_000208,-1.78,0.37
SAGA_Scl_000208,-1.94,
SAGA_Scl_000210,-1.31,-0.02
SAGA_Scl_000210,-1.35,0.01
SAGA_Scl_000212,-1.58,0.45
SAGA_Scl_000212,-1.75,
SAGA_Scl_000212,-1.59,0.47
SAGA_Scl_000213,-1.29,-0.24
SAGA_Scl_000213,-1.44,
SAGA_Scl_000213,-1.27,-0.04
SAGA_Scl_000214,-1.18,-0.33
SAGA_Scl_000214,-1.09,-0.48
SAGA_Scl_000215,-1.42,0.12
SAGA_Scl_000215,-1.57,
SAGA_Scl_000215,-1.59,
SAGA_Scl_000215,-1.42,0.03
SAGA_Scl_000215,-1.55,
SAGA_Scl_000216,-1.3,-0.15
SAGA_Scl_000216,-1.43,
SAGA_Scl_000216,-1.23,-0.25
SAGA_Scl_000216,-1.41,
SAGA_Scl_000218,-1.62,0.31
SAGA_Scl_000218,-1.72,
SAGA_Scl_000218,-1.57,0.15
SAGA_Scl_000218,-1.71,
SAGA_Scl_000219,-0.96,-0.6
SAGA_Scl_000219,-1.07,
SAGA_Scl_000219,-0.9,-0.65
SAGA_Scl_000219,-1.06,
SAGA_Scl_000220,-1.65,0.01
SAGA_Scl_000220,-1.81,
SAGA_Scl_000220,-1.65,0.07
SAGA_Scl_000220,-1.79,
SAGA_Scl_000222,-0.92,-0.7
SAGA_Scl_000222,-1.09,
SAGA_Scl_000222,-0.88,-0.46
SAGA_Scl_000225,-0.84,0.15
SAGA_Scl_000225,-0.87,0.08
SAGA_Scl_000226,-2.09,0.45
SAGA_Scl_000226,-1.99,
SAGA_Scl_000226,-1.97,0.08
SAGA_Scl_000226,-1.98,
SAGA_Scl_000228,-1.41,0.24
SAGA_Scl_000228,-1.41,0.28
SAGA_Scl_000230,-1.57,0.38
SAGA_Scl_000230,-1.51,0.26
SAGA_Scl_000233,-1.77,0.28
SAGA_Scl_000233,-1.9,
SAGA_Scl_000233,-1.77,0.21
SAGA_Scl_000233,-1.88,
SAGA_Scl_000234,-1.64,0.18
SAGA_Scl_000234,-1.67,
SAGA_Scl_000234,-1.7,
SAGA_Scl_000234,-1.53,0.12
SAGA_Scl_000234,-1.66,
SAGA_Scl_000236,-1.38,0.44
SAGA_Scl_000236,-1.27,0.26
SAGA_Scl_000238,-1.24,0.1
SAGA_Scl_000238,-1.18,
SAGA_Scl_000239,-1.08,-0.13
SAGA_Scl_000239,-1,-0.28
SAGA_Scl_000240,-2.24,0.52
SAGA_Scl_000240,-2.32,
SAGA_Scl_000240,-2.29,0.5
SAGA_Scl_000241,-1.18,-0.34
SAGA_Scl_000241,-1.3,
SAGA_Scl_000241,-1.12,-0.29
SAGA_Scl_000241,-1.29,
SAGA_Scl_000242,-2.4,0.4
SAGA_Scl_000242,-2.59,
SAGA_Scl_000242,-2.41,0.32
SAGA_Scl_000242,-2.58,
SAGA_Scl_000245,-1.74,0.36
SAGA_Scl_000245,-1.67,0.21
SAGA_Scl_000246,-1.25,-0.71
SAGA_Scl_000246,-1.42,
SAGA_Scl_000246,-1.23,
SAGA_Scl_000246,-1.41,
SAGA_Scl_000247,-1.93,0.23
SAGA_Scl_000247,-1.96,
SAGA_Scl_000247,-1.8,
SAGA_Scl_000248,-2.15,
SAGA_Scl_000248,-2.13,0.46
SAGA_Scl_000249,-1.31,-0.01
SAGA_Scl_000249,-1.37,
SAGA_Scl_000249,-1.43,
SAGA_Scl_000249,-1.16,-0.29
SAGA_Scl_000249,-1.41,
SAGA_Scl_000253,-1.11,
SAGA_Scl_000253,-1.25,
SAGA_Scl_000253,-1.09,0.04
SAGA_Scl_000253,-1.24,
SAGA_Scl_000255,-1.16,0.36
SAGA_Scl_000255,-1.38,
SAGA_Scl_000255,-1.13,0.14
SAGA_Scl_000256,-1.18,-0.13
SAGA_Scl_000256,-1.31,
SAGA_Scl_000256,-1.07,-0.31
SAGA_Scl_000256,-1.3,
SAGA_Scl_000258,-1.79,0.2
SAGA_Scl_000258,-1.74,
SAGA_Scl_000261,-1.56,
SAGA_Scl_000261,-1.49,-0.89
SAGA_Scl_000262,-1.95,0.31
SAGA_Scl_000262,-2.1,
SAGA_Scl_000262,-1.92,0.37
SAGA_Scl_000262,-2.08,
SAGA_Scl_000263,-1.47,0.18
SAGA_Scl_000263,-1.13,-0.27
SAGA_Scl_000264,-1.97,0.45
SAGA_Scl_000264,-2.08,
SAGA_Scl_000264,-1.92,0.13
SAGA_Scl_000264,-2.07,
SAGA_Scl_000265,-1.11,-0.23
SAGA_Scl_000265,-1.27,
SAGA_Scl_000265,-1.04,
SAGA_Scl_000265,-1.25,
SAGA_Scl_000268,-1.68,0.11
SAGA_Scl_000268,-1.6,-0.12
SAGA_Scl_000268,-1.92,
SAGA_Scl_000269,-1.71,0.4
SAGA_Scl_000269,-1.78,
SAGA_Scl_000269,-1.68,0.4
SAGA_Scl_000271,-1.32,-0.05
SAGA_Scl_000271,-1.4,
SAGA_Scl_000271,-1.21,-0.14
SAGA_Scl_000271,-1.39,
SAGA_Scl_000272,-1.48,0.66
SAGA_Scl_000272,-1.52,0.42
SAGA_Scl_000273,-1.96,0.73
SAGA_Scl_000273,-1.95,0.69
SAGA_Scl_000275,-1.37,-0.47
SAGA_Scl_000275,-1.54,
SAGA_Scl_000275,-1.4,-0.29
SAGA_Scl_000275,-1.53,
SAGA_Scl_000276,-1,0.24
SAGA_Scl_000276,-0.85,-0.06
SAGA_Scl_000277,-2.05,0.77
SAGA_Scl_000277,-2.27,
SAGA_Scl_000277,-2.09,0.7
SAGA_Scl_000277,-2.25,
SAGA_Scl_000279,-1.45,0.3
SAGA_Scl_000279,-1.37,0.19
SAGA_Scl_000280,-1.27,0.11
SAGA_Scl_000280,-1.61,
SAGA_Scl_000280,-1.18,0.09
SAGA_Scl_000281,-1.62,0.18
SAGA_Scl_000281,-1.83,
SAGA_Scl_000281,-1.66,0.38
SAGA_Scl_000282,-1.17,-0.03
SAGA_Scl_000282,-1.02,-0.19
SAGA_Scl_000282,-1.46,
SAGA_Scl_000283,-1.78,0.35
SAGA_Scl_000283,-1.88,
SAGA_Scl_000283,-1.7,0.31
SAGA_Scl_000283,-1.86,
SAGA_Scl_000284,-1.21,0.01
SAGA_Scl_000284,-1.16,-0.16
SAGA_Scl_000285,-2.37,
SAGA_Scl_000285,-2.44,
SAGA_Scl_000285,-2.27,0.81
SAGA_Scl_000286,-1.14,0.09
SAGA_Scl_000286,-1,-0.09
SAGA_Scl_000287,-1.25,-0.15
SAGA_Scl_000287,-1.21,-0.27
SAGA_Scl_000288,-1.25,0.13
SAGA_Scl_000288,-1.38,
SAGA_Scl_000288,-1.14,0.11
SAGA_Scl_000288,-1.37,
SAGA_Scl_000290,-1.97,0.5
SAGA_Scl_000290,-2.03,0.46
SAGA_Scl_000291,-1.21,-0.01
SAGA_Scl_000291,-1.11,-0.2
SAGA_Scl_000293,-1.27,-0.86
SAGA_Scl_000293,-1.37,
SAGA_Scl_000293,-1.18,-0.73
SAGA_Scl_000293,-1.36,
SAGA_Scl_000294,-1.26,-0.04
SAGA_Scl_000294,-1.37,
SAGA_Scl_000294,-1.16,-0.15
SAGA_Scl_000294,-1.35,
SAGA_Scl_000296,-1.13,0.07
SAGA_Scl_000296,-1.07,-0.11
SAGA_Scl_000297,-1.12,0.16
SAGA_Scl_000297,-0.91,-0.31
SAGA_Scl_000298,-3.78,
SAGA_Scl_000298,-3.68,0.58
SAGA_Scl_000298,-3.63,
SAGA_Scl_000298,-3.7,
SAGA_Scl_000299,-1.89,0.01
SAGA_Scl_000299,-2.01,
SAGA_Scl_000299,-1.87,0.17
SAGA_Scl_000299,-2,
SAGA_Scl_000301,-1.79,0.82
SAGA_Scl_000301,-1.94,
SAGA_Scl_000301,-1.82,0.58
SAGA_Scl_000301,-1.92,
SAGA_Scl_000302,-1.3,0.05
SAGA_Scl_000302,-1.45,
SAGA_Scl_000302,-1.26,-0.05
SAGA_Scl_000302,-1.43,
SAGA_Scl_000303,-1.11,
SAGA_Scl_000303,-1.16,-0.49
SAGA_Scl_000304,-1.14,-0.37
SAGA_Scl_000304,-1.27,
SAGA_Scl_000304,-1.04,-0.61
SAGA_Scl_000304,-1.26,
SAGA_Scl_000305,-1.32,0.27
SAGA_Scl_000305,-1.44,
SAGA_Scl_000305,-1.19,0.06
SAGA_Scl_000305,-1.43,
SAGA_Scl_000306,-1.59,0.15
SAGA_Scl_000306,-1.54,-0.08
SAGA_Scl_000309,-1.07,0.5
SAGA_Scl_000309,-1.32,
SAGA_Scl_000309,-1.13,0.4
SAGA_Scl_000311,-2.14,0.21
SAGA_Scl_000311,-2.26,
SAGA_Scl_000311,-2.11,0.23
SAGA_Scl_000312,-1.28,0.79
SAGA_Scl_000313,-1.72,-0.15
SAGA_Scl_000313,-1.64,-0.27
SAGA_Scl_000314,-1.68,
SAGA_Scl_000314,-1.73,
SAGA_Scl_000314,-1.61,0.03
SAGA_Scl_000315,-2.1,0.39
SAGA_Scl_000315,-2.17,0.49
SAGA_Scl_000316,-1.16,-0.16
SAGA_Scl_000316,-1.13,-0.2
SAGA_Scl_000317,-1.63,0.56
SAGA_Scl_000317,-1.85,
SAGA_Scl_000317,-1.7,0.51
SAGA_Scl_000317,-1.84,
SAGA_Scl_000318,-1.19,-0.52
SAGA_Scl_000318,-1.29,
SAGA_Scl_000318,-1.13,-0.69
SAGA_Scl_000318,-1.27,
SAGA_Scl_000319,-1.22,0.18
SAGA_Scl_000319,-1.17,0.09
SAGA_Scl_000321,-2.07,0.51
SAGA_Scl_000321,-2,
SAGA_Scl_000322,-1.93,
SAGA_Scl_000322,-1.94,-0.34
SAGA_Scl_000323,-1.47,0.37
SAGA_Scl_000324,-2.54,0.2
SAGA_Scl_000324,-1.32,
SAGA_Scl_000324,-2.65,
SAGA_Scl_000324,-2.55,0.44
SAGA_Scl_000324,-2.63,
SAGA_Scl_000325,-1.06,-0.19
SAGA_Scl_000325,-0.91,-0.09
SAGA_Scl_000329,-1.22,-0.32
SAGA_Scl_000329,-1.4,
SAGA_Scl_000329,-1.18,-0.53
SAGA_Scl_000330,-2.11,0.69
SAGA_Scl_000330,-2.41,
SAGA_Scl_000330,-2.11,
SAGA_Scl_000330,-2.08,0.55
SAGA_Scl_000331,-1.48,-0.36
SAGA_Scl_000331,-1.56,
SAGA_Scl_000331,-1.37,
SAGA_Scl_000331,-1.54,
SAGA_Scl_000333,-1.56,0.24
SAGA_Scl_000333,-1.51,0.02
SAGA_Scl_000334,-1.03,-0.22
SAGA_Scl_000334,-1.16,
SAGA_Scl_000334,-0.9,-0.62
SAGA_Scl_000334,-1.14,
SAGA_Scl_000336,-1.66,0.09
SAGA_Scl_000336,-1.64,0.01
SAGA_Scl_000337,-1.63,0.3
SAGA_Scl_000337,-1.62,0.41
SAGA_Scl_000338,-2.04,0.99
SAGA_Scl_000338,-2.07,
SAGA_Scl_000338,-1.9,
SAGA_Scl_000343,-1.35,-0.01
SAGA_Scl_000343,-1.45,
SAGA_Scl_000343,-1.24,-0.01
SAGA_Scl_000343,-1.42,
SAGA_Scl_000344,-2.3,0.86
SAGA_Scl_000344,-2.3,0.58
SAGA_Scl_000345,-1.71,
SAGA_Scl_000345,-1.74,
SAGA_Scl_000345,-1.58,-0.29
SAGA_Scl_000345,-1.72,
SAGA_Scl_000346,-1.17,0.07
SAGA_Scl_000346,-1.26,
SAGA_Scl_000346,-1.12,-0.36
SAGA_Scl_000348,-1.34,
SAGA_Scl_000348,-1.1,-0.01
SAGA_Scl_000349,-1.95,0.24
SAGA_Scl_000349,-1.96,0.45
SAGA_Scl_000351,-1.65,0.17
SAGA_Scl_000351,-1.76,
SAGA_Scl_000351,-1.57,0.04
SAGA_Scl_000354,-1.57,
SAGA_Scl_000354,-1.79,
SAGA_Scl_000354,-1.59,-0.51
SAGA_Scl_000354,-1.78,
SAGA_Scl_000355,-1.18,-0.06
SAGA_Scl_000355,-1.22,
SAGA_Scl_000355,-1,-0.59
SAGA_Scl_000355,-1.2,
SAGA_Scl_000356,-1.49,0.37
SAGA_Scl_000356,-1.81,
SAGA_Scl_000356,-1.45,0.32
SAGA_Scl_000356,-1.8,
SAGA_Scl_000358,-1.86,
SAGA_Scl_000358,-2.1,
SAGA_Scl_000358,-1.87,0.69
SAGA_Scl_000359,-2.03,0.25
SAGA_Scl_000359,-2.18,
SAGA_Scl_000359,-2.04,
SAGA_Scl_000359,-2.17,
SAGA_Scl_000360,-1.57,0.64
SAGA_Scl_000360,-1.65,
SAGA_Scl_000360,-1.42,0.36
SAGA_Scl_000361,-1.3,-0.12
SAGA_Scl_000361,-1.33,
SAGA_Scl_000361,-1.22,-0.56
SAGA_Scl_000361,-1.33,
SAGA_Scl_000362,-1.27,-0.37
SAGA_Scl_000362,-1.43,
SAGA_Scl_000362,-1.2,-0.49
SAGA_Scl_000362,-1.41,
SAGA_Scl_000363,-1.61,0.47
SAGA_Scl_000363,-1.73,
SAGA_Scl_000363,-1.57,0.17
SAGA_Scl_000363,-1.71,
SAGA_Scl_000364,-1.38,-0.13
SAGA_Scl_000364,-1.18,
SAGA_Scl_000365,-1.18,-0.27
SAGA_Scl_000365,-0.99,-0.64
SAGA_Scl_000368,-2.36,0.9
SAGA_Scl_000368,-2.5,
SAGA_Scl_000368,-2.36,
SAGA_Scl_000369,-1.23,0.05
SAGA_Scl_000369,-1.21,
SAGA_Scl_000369,-1.14,-0.09
SAGA_Scl_000373,-1.54,-0.26
SAGA_Scl_000373,-1.46,-0.43
SAGA_Scl_000374,-0.9,0.28
SAGA_Scl_000374,-1.03,
SAGA_Scl_000374,-0.8,0.2
SAGA_Scl_000374,-1.01,
SAGA_Scl_000375,-1.16,-0.2
SAGA_Scl_000375,-1.05,-0.24
SAGA_Scl_000376,-1.42,-0.03
SAGA_Scl_000376,-1.42,-0.23
SAGA_Scl_000377,-2,
SAGA_Scl_000377,-2.03,0.33
SAGA_Scl_000378,-2.17,0.62
SAGA_Scl_000378,-2.15,0.61
SAGA_Scl_000379,-1.99,0.99
SAGA_Scl_000379,-2.03,0.91
SAGA_Scl_000382,-1.34,-0.1
SAGA_Scl_000382,-1.17,
SAGA_Scl_000384,-1.05,-0.13
SAGA_Scl_000384,-1.16,
SAGA_Scl_000384,-0.97,-0.16
SAGA_Scl_000384,-1.15,
SAGA_Scl_000385,-1.77,0.47
SAGA_Scl_000385,-1.75,0.32
SAGA_Scl_000386,-1.64,0.16
SAGA_Scl_000386,-1.7,-0.05
SAGA_Scl_000391,-2.16,
SAGA_Scl_000391,-2.17,0.91
SAGA_Scl_000394,-1.27,0.19
SAGA_Scl_000394,-1.36,
SAGA_Scl_000394,-1.2,0.09
SAGA_Scl_000396,-1.29,-0.23
SAGA_Scl_000396,-1.21,-0.32
SAGA_Scl_000397,-1.16,-0.3
SAGA_Scl_000398,-1.64,
SAGA_Scl_000398,-1.58,-0.39
SAGA_Scl_000399,-1.64,-0.51
SAGA_Scl_000399,-1.63,
SAGA_Scl_000403,-1.13,-0.1
SAGA_Scl_000403,-0.99,-0.19
SAGA_Scl_000405,-1.86,0.72
SAGA_Scl_000405,-2.06,
SAGA_Scl_000405,-1.92,0.74
SAGA_Scl_000405,-2.05,
SAGA_Scl_000407,-1.11,0.05
SAGA_Scl_000407,-1.17,
SAGA_Scl_000407,-0.96,-0.19
SAGA_Scl_000407,-1.16,
SAGA_Scl_000412,-1.35,0.29
SAGA_Scl_000412,-1.29,0.06
SAGA_Scl_000413,-1.7,0.16
SAGA_Scl_000413,-1.67,0.23
SAGA_Scl_000415,-1.5,0.15
SAGA_Scl_000415,-1.66,
SAGA_Scl_000415,-1.42,-0.06
SAGA_Scl_000415,-1.64,
SAGA_Scl_000416,-1.31,0.01
SAGA_Scl_000418,-1.48,-0.02
SAGA_Scl_000418,-1.52,
SAGA_Scl_000418,-1.4,
SAGA_Scl_000421,-1.11,-0.02
SAGA_Scl_000421,-1.05,-0.63
SAGA_Scl_000423,-1.6,0.06
SAGA_Scl_000423,-1.56,0.19
SAGA_Scl_000425,-2.07,1
SAGA_Scl_000425,-2.13,0.98
SAGA_Scl_000430,-1.77,0.94
SAGA_Scl_000430,-2.3,
SAGA_Scl_000430,-2.12,
SAGA_Scl_000431,-1.22,-0.13
SAGA_Scl_000431,-1.14,-0.1
SAGA_Scl_000433,-2.47,0.87
SAGA_Scl_000433,-2.5,0.78
SAGA_Scl_000434,-3.48,0.2
SAGA_Scl_000434,-3.31,0.62
SAGA_Scl_000435,-3.96,-0.03
SAGA_Scl_000435,-4.05,0.3
SAGA_Scl_000435,-3.87,
SAGA_Scl_000436,-1.5,
SAGA_Scl_000436,-1.27,0.24
SAGA_Scl_000437,-1.13,
SAGA_Scl_000437,-0.89,0.35
SAGA_Scl_000439,-1.4,0.26
SAGA_Scl_000441,-1.11,-0.34
SAGA_Scl_000442,-2.38,0.52
SAGA_Scl_000443,-3.15,
SAGA_Scl_000443,-3,0.2
SAGA_Scl_000444,-3.31,0.25
SAGA_Scl_000444,-3,0.15
SAGA_Scl_000445,-3.88,0.11
SAGA_Scl_000445,-3.47,-0.21
SAGA_Scl_000446,-2.46,-0.17
SAGA_Scl_000447,-2.91,0.43
SAGA_Scl_000448,-3.45,0.38
SAGA_Scl_000448,-3.35,0.18
SAGA_Scl_000449,-3.17,0.55
SAGA_Scl_000450,-3.22,0.4
SAGA_Scl_000450,-3,
SAGA_Scl_000450,-2.81,
SAGA_Scl_000451,-3.77,-0.39
SAGA_Scl_000451,-3.99,
SAGA_Scl_000452,-3.52,0.44
SAGA_Scl_000452,-3.91,
SAGA_UMi_000001,-1.61,
SAGA_UMi_000001,-1.68,0.22
SAGA_UMi_000001,-1.67,0.37
SAGA_UMi_000001,-1.47,-0.23
SAGA_UMi_000001,-1.6,
SAGA_UMi_000002,-2.2,
SAGA_UMi_000002,-1.91,0.41
SAGA_UMi_000002,-2.01,0.24
SAGA_UMi_000002,-2.19,
SAGA_UMi_000003,-2.74,
SAGA_UMi_000003,-2.18,0.21
SAGA_UMi_000003,-2.32,
SAGA_UMi_000003,-2.72,
SAGA_UMi_000004,-2.1,
SAGA_UMi_000004,-2.01,0.3
SAGA_UMi_000004,-1.95,
SAGA_UMi_000004,-1.68,
SAGA_UMi_000005,,
SAGA_UMi_000005,-2.17,0.67
SAGA_UMi_000005,-2.34,
SAGA_UMi_000005,-1.66,
SAGA_UMi_000006,-1.47,
SAGA_UMi_000006,-1.45,0
SAGA_UMi_000006,-1.51,0.12
SAGA_UMi_000006,-1.34,-0.47
SAGA_UMi_000006,-1.55,
SAGA_UMi_000007,-2.65,0.29
SAGA_UMi_000008,-2.47,0.41
SAGA_UMi_000010,-1.81,0.74
SAGA_UMi_000023,-1.82,0.79
SAGA_UMi_000024,-2.23,
SAGA_UMi_000024,-2.05,0.65
SAGA_UMi_000024,-2.22,
SAGA_UMi_000025,-2.48,0.41
SAGA_UMi_000027,-1.91,0.81
SAGA_UMi_000032,-2.14,
SAGA_UMi_000032,-1.96,0.51
SAGA_UMi_000032,-2.13,
SAGA_UMi_000034,-3.13,0.42
SAGA_UMi_000036,-1.75,0.84
SAGA_UMi_000038,-3.14,0.35
SAGA_UMi_000038,-3.45,
SAGA_UMi_000042,-2.33,
SAGA_UMi_000042,-2.16,0.35
SAGA_UMi_000042,-2.32,
SAGA_UMi_000046,-1.93,0.81
SAGA_UMi_000047,-1.91,
SAGA_UMi_000047,-1.71,0.4
SAGA_UMi_000047,-1.9,
SAGA_UMi_000049,-2.01,
SAGA_UMi_000049,-1.83,0.93
SAGA_UMi_000059,-2.49,
SAGA_UMi_000059,-2.32,0.07
SAGA_UMi_000059,-2.48,
SAGA_UMi_000063,-2.15,
SAGA_UMi_000063,-1.97,0.08
SAGA_UMi_000064,-2.14,0.93
SAGA_UMi_000066,-0.99,0.36
SAGA_UMi_000067,-2.69,0.72
SAGA_UMi_000069,-1.8,0.27
SAGA_UMi_000076,-2.24,
SAGA_UMi_000076,-2.08,-0.29
SAGA_UMi_000076,-2.21,
SAGA_UMi_000077,-2.05,
SAGA_UMi_000077,-1.86,-0.22
SAGA_UMi_000077,-2,
SAGA_UMi_000080,-1.92,
SAGA_UMi_000080,-1.76,0.13
SAGA_UMi_000080,-1.89,
SAGA_UMi_000082,-1.6,0.12
SAGA_UMi_000094,-2.17,0.6
SAGA_UMi_000097,-1.79,0.66
SAGA_UMi_000098,-1.4,-0.35
SAGA_UMi_000103,-1.8,0.48
SAGA_UMi_000110,-2.14,
SAGA_UMi_000110,-1.97,0.24
SAGA_UMi_000110,-2.12,
SAGA_UMi_000112,-2.08,0.49
SAGA_UMi_000126,-1.64,
SAGA_UMi_000126,-1.49,-0.09
SAGA_UMi_000128,-2.24,0.49
SAGA_UMi_000131,-1.6,0.23
SAGA_UMi_000134,-2.29,0.71
SAGA_UMi_000136,-3.15,0.27
SAGA_UMi_000137,-2.12,0.94
SAGA_UMi_000137,-2.34,
SAGA_UMi_000141,-1.69,
SAGA_UMi_000141,-1.51,0.09
SAGA_UMi_000142,-1.75,
SAGA_UMi_000142,-1.71,0.52
SAGA_UMi_000144,-2.25,0.41
SAGA_UMi_000145,-2.18,
SAGA_UMi_000145,-1.99,0.83
SAGA_UMi_000145,-2.15,
SAGA_UMi_000146,-1.91,-0.08
SAGA_UMi_000146,-2.05,
SAGA_UMi_000150,-1.81,-0.09
SAGA_UMi_000151,-2.2,0.33
SAGA_UMi_000154,-2.14,
SAGA_UMi_000154,-1.99,0.01
SAGA_UMi_000154,-2.1,
SAGA_UMi_000156,-2.47,
SAGA_UMi_000156,-2.31,0.44
SAGA_UMi_000160,-2.63,0.74
SAGA_UMi_000161,-1.55,0.4
SAGA_UMi_000163,-1.85,0.52
SAGA_UMi_000165,-1.72,0.65
SAGA_UMi_000169,-2,
SAGA_UMi_000169,-1.83,0.22
SAGA_UMi_000169,-1.99,
SAGA_UMi_000171,-2.17,0.49
SAGA_UMi_000175,-2.23,0.37
SAGA_UMi_000186,-2.25,0.21
SAGA_UMi_000188,-2.25,
SAGA_UMi_000188,-2.09,0.39
SAGA_UMi_000190,-1.81,
SAGA_UMi_000190,-1.65,-0.49
SAGA_UMi_000190,-1.82,
SAGA_UMi_000191,-1.73,
SAGA_UMi_000191,-1.55,0.3
SAGA_UMi_000193,-1.7,-0.09
SAGA_UMi_000197,-2.33,0.54
SAGA_UMi_000201,-2.34,
SAGA_UMi_000201,-2.21,0.3
SAGA_UMi_000201,-2.3,
SAGA_UMi_000204,-2.07,
SAGA_UMi_000204,-1.9,0.69
SAGA_UMi_000204,-2.03,
SAGA_UMi_000206,-1.94,0.32
SAGA_UMi_000208,-1.96,
SAGA_UMi_000208,-1.81,-0.17
SAGA_UMi_000208,-1.95,
SAGA_UMi_000210,-2.51,
SAGA_UMi_000210,-2.33,0.88
SAGA_UMi_000215,-1.83,
SAGA_UMi_000215,-1.68,0.28
SAGA_UMi_000215,-1.81,
SAGA_UMi_000219,-2.29,
SAGA_UMi_000219,-2.14,0.63
SAGA_UMi_000219,-2.28,
SAGA_UMi_000220,-2.12,
SAGA_UMi_000220,-1.81,0.21
SAGA_UMi_000220,-1.92,0.23
SAGA_UMi_000220,-2.09,
SAGA_UMi_000221,-2.13,0.4
SAGA_UMi_000222,-1.96,0.29
SAGA_UMi_000223,-2.13,0.32
SAGA_UMi_000224,-2.67,0.33
SAGA_UMi_000225,-2.12,0.26